Date,Country,State,Tested,Confirmed,Recovered,Death,Active,First Dose Vaccinated,Second Dose Vaccinated,Total Vaccinated,Non-Vaccinated,Male Vaccinated,Female Vaccinated,Transgender Vaccinated,Covishield Doses,Covaxin Doses
1/1/2021,India,Delhi,8740395,625369,609322,10536,5511,212,0,212,19999788,117,95,0,212,0
1/2/2021,India,Delhi,8807759,625954,610039,10557,5358,239,0,239,19999761,109,130,0,239,0
1/3/2021,India,Delhi,8876518,626448,610535,10571,5342,256,0,256,19999744,112,144,0,256,0
1/4/2021,India,Delhi,8926806,626872,611243,10585,5044,267,0,267,19999733,123,144,0,267,0
1/5/2021,India,Delhi,9006583,627256,611970,10597,4689,333,0,333,19999667,169,164,0,333,0
1/6/2021,India,Delhi,9082133,627698,612527,10609,4562,379,0,379,19999621,213,166,0,379,0
1/7/2021,India,Delhi,9158755,628352,613246,10625,4481,389,0,389,19999611,237,152,0,389,0
1/8/2021,India,Delhi,9234479,628838,614026,10644,4168,401,0,401,19999599,256,145,0,401,0
1/9/2021,India,Delhi,9314754,629282,614849,10654,3779,534,0,534,19999466,309,225,0,534,0
1/10/2021,India,Delhi,9392354,629801,615452,10666,3683,553,0,553,19999447,338,215,0,553,0
1/11/2021,India,Delhi,9448744,630200,616054,10678,3468,605,0,605,19999395,389,216,0,598,7
1/12/2021,India,Delhi,9524657,630506,616461,10691,3354,676,0,676,19999324,403,273,0,663,13
1/13/2021,India,Delhi,9595402,630892,617006,10707,3179,734,0,734,19999266,437,297,0,711,23
1/14/2021,India,Delhi,9666727,631249,617540,10718,2991,776,0,776,19999224,448,328,0,749,27
1/15/2021,India,Delhi,9733648,631589,617930,10722,2937,800,0,800,19999200,520,280,0,769,31
1/16/2021,India,Delhi,9805605,631884,618357,10732,2795,892,0,892,19999108,525,367,0,859,33
1/17/2021,India,Delhi,9873068,632183,618754,10738,2691,1005,0,1005,19998995,603,402,0,969,36
1/18/2021,India,Delhi,9923591,632429,619139,10746,2544,1366,0,1366,19998634,840,526,0,1320,46
1/19/2021,India,Delhi,9996032,632590,619501,10754,2335,3041,0,3041,19996959,1837,1204,0,2877,164
1/20/2021,India,Delhi,10059193,632821,619723,10764,2334,3041,0,3041,19996959,1837,1204,0,2877,164
1/21/2021,India,Delhi,10140743,633049,620128,10774,2147,5308,0,5308,19994692,2975,2333,0,5044,264
1/22/2021,India,Delhi,10212593,633276,620374,10782,2120,5331,0,5331,19994669,2994,2337,0,5067,264
1/23/2021,India,Delhi,10289461,633542,620693,10789,2060,12312,0,12312,19987688,6644,5668,0,11762,550
1/24/2021,India,Delhi,10351768,633739,621060,10799,1880,12614,0,12614,19987386,6808,5806,0,12056,558
1/25/2021,India,Delhi,10400218,633924,621375,10808,1741,20373,0,20373,19979627,10941,9432,0,19390,983
1/26/2021,India,Delhi,10465191,634072,621565,10813,1694,20427,0,20427,19979573,10958,9469,0,19444,983
1/27/2021,India,Delhi,10495046,634229,621783,10820,1626,27603,0,27603,19972397,14895,12708,0,26269,1334
1/28/2021,India,Delhi,10553039,634325,621995,10829,1501,35881,0,35881,19964119,19361,16520,0,34096,1785
1/29/2021,India,Delhi,10611764,634524,622114,10835,1575,35937,0,35937,19964063,19388,16549,0,34150,1787
1/30/2021,India,Delhi,10680731,634773,622381,10841,1551,44758,0,44758,19955242,23969,20789,0,42584,2174
1/31/2021,India,Delhi,10741426,634956,622671,10849,1436,44840,0,44840,19955160,24023,20817,0,42664,2176
2/1/2021,India,Delhi,10785138,635096,622882,10853,1361,52760,0,52760,19947240,28237,24523,0,50120,2640
2/2/2021,India,Delhi,10843736,635217,623096,10856,1265,62086,0,62086,19937914,33295,28791,0,58217,3869
2/3/2021,India,Delhi,10900394,635331,623256,10858,1217,69462,0,69462,19930538,37191,32271,0,64599,4863
2/4/2021,India,Delhi,10967628,635481,623409,10864,1208,78948,0,78948,19921052,42617,36331,0,72979,5969
2/5/2021,India,Delhi,11027592,635639,623574,10871,1194,88045,0,88045,19911955,47686,40359,0,81055,6990
2/6/2021,India,Delhi,11090914,635793,623714,10873,1206,97492,0,97492,19902508,53760,43732,0,89509,7983
2/7/2021,India,Delhi,11145161,635916,623865,10877,1174,97495,0,97495,19902505,53761,43734,0,89512,7983
2/8/2021,India,Delhi,11200551,636035,624044,10879,1112,107116,0,107116,19892884,60642,46474,0,97703,9413
2/9/2021,India,Delhi,11256961,636160,624182,10882,1096,119917,0,119917,19880083,70521,49393,3,108477,11440
2/10/2021,India,Delhi,11323764,636260,624326,10882,1052,134600,0,134600,19865400,82321,52270,9,120869,13731
2/11/2021,India,Delhi,11388092,636387,624326,10884,1177,150348,0,150348,19849652,95078,55255,15,133407,16941
2/12/2021,India,Delhi,11451114,636529,624592,10886,1051,164976,0,164976,19835024,106900,58057,19,145021,19955
2/13/2021,India,Delhi,11511990,636670,624728,10889,1053,178174,1967,180141,19819859,117328,60826,20,155665,22509
2/14/2021,India,Delhi,11568892,636796,624866,10889,1041,178176,1967,180143,19819857,117330,60826,20,155666,22510
2/15/2021,India,Delhi,11607957,636946,625024,10891,1031,192891,4140,197031,19802969,128980,63887,24,167222,25669
2/16/2021,India,Delhi,11664901,637087,625158,10893,1036,207447,6826,214273,19785727,140385,67026,36,178849,28598
2/17/2021,India,Delhi,11724787,637181,625268,10894,1019,223511,8033,231544,19768456,153075,70390,46,191122,32389
2/18/2021,India,Delhi,11785228,637315,625343,10894,1078,241096,11747,252843,19747157,168106,72928,62,203066,38030
2/19/2021,India,Delhi,11846064,637445,625496,10896,1053,270025,13604,283629,19716371,189330,80618,77,226031,43994
2/20/2021,India,Delhi,11908127,637603,625653,10897,1053,291137,18273,309410,19690590,205007,86047,83,241156,49981
2/21/2021,India,Delhi,11971940,637755,625832,10898,1025,291146,18273,309419,19690581,205016,86047,83,241165,49981
2/22/2021,India,Delhi,12014182,637900,625929,10900,1071,312680,23864,336544,19663456,221784,90810,86,256503,56177
2/23/2021,India,Delhi,12072509,638028,626086,10901,1041,330559,26103,356662,19643338,235887,94578,94,269661,60898
2/24/2021,India,Delhi,12128677,638173,626261,10903,1009,344481,30557,375038,19624962,246901,97485,95,279811,64670
2/25/2021,India,Delhi,12192675,638373,626331,10905,1137,357350,36121,393471,19606529,256955,100290,105,288866,68484
2/26/2021,India,Delhi,12255443,638593,626519,10905,1169,367699,38732,406431,19593569,264730,102860,109,296413,71286
2/27/2021,India,Delhi,12322927,638849,626712,10906,1231,367699,38732,406431,19593569,264730,102860,109,296413,71286
2/28/2021,India,Delhi,12380699,639092,626876,10909,1307,367699,38732,406431,19593569,264730,102860,109,296413,71286
3/1/2021,India,Delhi,12420432,639289,627044,10910,1335,367699,38732,406431,19593569,264730,102860,109,296413,71286
3/2/2021,India,Delhi,12487056,639464,627149,10911,1404,383386,44991,428377,19571623,275223,108053,110,307685,75701
3/3/2021,India,Delhi,12555887,628770,627227,10911,-9368,394019,49823,443842,19556158,282017,111891,111,314923,79096
3/4/2021,India,Delhi,12622319,639921,627423,10914,1584,405213,55099,460312,19539688,289098,116004,111,322913,82300
3/5/2021,India,Delhi,12681441,640182,627566,10915,1701,414969,60620,475589,19524411,295038,119819,112,329950,85019
3/6/2021,India,Delhi,12734503,640494,627797,10918,1779,426890,68264,495154,19504846,301985,124793,112,338669,88221
3/7/2021,India,Delhi,12826117,640815,628117,10919,1779,426957,68286,495243,19504757,302019,124826,112,338687,88270
3/8/2021,India,Delhi,12873806,641101,628377,10921,1803,440429,75759,516188,19483812,310101,130214,114,348573,91856
3/9/2021,India,Delhi,12940550,641340,628686,10924,1730,395281,84770,480051,19519949,337074,142863,114,379958,100014
3/10/2021,India,Delhi,13011703,641660,628920,10928,1812,405377,93247,498624,19501376,349344,149166,114,394577,103968
3/11/2021,India,Delhi,13081513,641660,628920,10928,1812,415349,101099,516448,19483552,361846,154488,114,408141,108226
3/12/2021,India,Delhi,13153544,642030,629199,10931,1900,425063,110727,535790,19464210,374607,161069,114,423028,112680
3/13/2021,India,Delhi,13227870,642870,629841,10936,2093,438850,121516,560366,19439634,390609,169642,115,441769,118514
3/14/2021,India,Delhi,13296093,643289,630143,10939,2207,438862,121530,560392,19439608,390621,169656,115,441795,118514
3/15/2021,India,Delhi,13358365,643696,630493,10941,2262,453718,132136,585854,19414146,407630,178107,117,460934,124837
3/16/2021,India,Delhi,13428414,644064,630799,10944,2321,539287,143560,682847,19317153,370906,168264,117,545259,137588
3/17/2021,India,Delhi,13509270,644489,631056,10945,2488,731870,152935,884805,19115195,473623,258086,161,700291,184514
3/18/2021,India,Delhi,13589523,645025,631375,10948,2702,758842,166768,925610,19074390,488818,269860,164,730433,195177
3/19/2021,India,Delhi,13666875,645632,631756,10949,2927,776830,177682,954512,19045488,498736,277926,168,752107,202405
3/20/2021,India,Delhi,13742763,646348,632230,10953,3165,810104,192567,1002671,18997329,516701,293229,174,787409,215262
3/21/2021,India,Delhi,13822477,647161,632797,10955,3409,811261,192811,1004072,18995928,517351,293736,174,788441,215631
3/22/2021,India,Delhi,13889895,647984,633410,10956,3618,839942,206825,1046767,18953233,533079,306685,178,819174,227593
3/23/2021,India,Delhi,13974132,648872,633975,10963,3934,871370,219393,1090763,18909237,550333,320853,184,850035,240728
3/24/2021,India,Delhi,14056463,649973,634595,10967,4411,889115,226687,1115802,18884198,560185,328745,185,868072,247730
3/25/2021,India,Delhi,14146299,651227,635364,10973,4890,923806,234844,1158650,18841350,579493,344123,190,897316,261334
3/26/2021,India,Delhi,14231391,652742,636267,10978,5497,941076,239510,1180586,18819414,589085,351798,193,913313,267273
3/27/2021,India,Delhi,14323094,654276,637238,10987,6051,977993,244115,1222108,18777892,608614,369184,195,941120,280988
3/28/2021,India,Delhi,14403030,655834,638212,10997,6625,978569,244144,1222713,18777287,608920,369454,195,941554,281159
3/29/2021,India,Delhi,14471835,657715,639164,11006,7545,978572,244147,1222719,18777281,608913,369464,195,941569,281150
3/30/2021,India,Delhi,14508592,659616,640575,11012,8029,1013442,251797,1265239,18734761,627800,385438,204,969500,295739
3/31/2021,India,Delhi,14575662,660611,642166,11016,7429,1034327,259730,1294057,18705943,639330,394788,209,989183,304874
4/1/2021,India,Delhi,14653735,662430,642565,11027,8838,1087850,267295,1355145,18644855,667341,420294,215,1029584,325561
4/2/2021,India,Delhi,14741240,665220,643686,11036,10498,1152888,274181,1427069,18572931,702254,450407,227,1075818,351251
4/3/2021,India,Delhi,14820857,668814,645770,11050,11994,1211419,281748,1493167,18506833,734068,477117,234,1119488,373679
4/4/2021,India,Delhi,14907756,672381,648674,11060,12647,1290748,287504,1578252,18421748,777740,512765,243,1173490,404762
4/5/2021,India,Delhi,14971759,676414,651351,11081,13982,1352825,296402,1649227,18350773,811003,541572,250,1219730,429497
4/6/2021,India,Delhi,15075212,679962,654277,11096,14589,1396046,302735,1698781,18301219,833942,561844,260,1250985,447796
4/7/2021,India,Delhi,15165413,685062,656617,11113,17332,1469113,315870,1784983,18215017,873038,595813,262,1307478,477505
4/8/2021,India,Delhi,15257183,690568,659980,11133,19455,1565572,331947,1897519,18102481,923456,641838,278,1382448,515071
4/9/2021,India,Delhi,15366581,698005,663667,11157,23181,1613146,343540,1956686,18043314,948404,664454,288,1424460,532226
4/10/2021,India,Delhi,15443955,706526,668699,11196,26631,1705350,357341,2062691,17937309,995965,709088,297,1491959,570732
4/11/2021,India,Delhi,15558243,714423,674415,11235,28773,1780609,365110,2145719,17854281,1037794,742505,310,1543479,602240
4/12/2021,India,Delhi,15650640,725197,679573,11283,34341,1855493,380409,2235902,17764098,1079935,775235,323,1600673,635229
4/13/2021,India,Delhi,15753100,736688,687238,11355,38095,1912002,392881,2304883,17695117,1115142,796535,325,1643336,661547
4/14/2021,India,Delhi,15861634,750156,695210,11436,43510,1971274,405713,2376987,17623013,1149522,821419,333,1688937,688050
4/15/2021,India,Delhi,15944203,767438,705162,11540,50736,2031982,422889,2454871,17545129,1185074,846567,341,1738400,716471
4/16/2021,India,Delhi,16043160,784137,718176,11652,54309,2065695,438376,2504071,17495929,1205218,860130,347,1773334,730737
4/17/2021,India,Delhi,16142390,803623,730825,11793,61005,2121099,451586,2572685,17427315,1239449,881283,367,1816618,756067
4/18/2021,India,Delhi,16228010,827998,746239,11960,69799,2162307,458970,2621277,17378723,1264802,897129,376,1847037,774240
4/19/2021,India,Delhi,16318706,853460,766398,12121,74941,2202752,479340,2682092,17317908,1289105,913261,386,1886499,795593
4/20/2021,India,Delhi,16405232,877146,787898,12361,76887,2238271,494236,2732507,17267493,1310586,927296,389,1918528,813979
4/21/2021,India,Delhi,16484000,905541,807328,12638,85575,2277803,509313,2787116,17212884,1332312,945097,394,1954723,832393
4/22/2021,India,Delhi,16556208,930179,831928,12887,85364,2325997,529660,2855657,17144343,1358333,967263,401,1998613,857044
4/23/2021,India,Delhi,16631245,956348,851537,13193,91618,2347381,544476,2891857,17108143,1370063,976915,403,2025090,866767
4/24/2021,India,Delhi,16705947,980679,875109,13541,92029,2395935,566296,2962231,17037769,1396008,999520,407,2069819,892412
4/25/2021,India,Delhi,16781859,1004782,897804,13898,93080,2425352,578125,3003477,16996523,1411612,1013331,409,2098484,904993
4/26/2021,India,Delhi,16839549,1027715,918875,14248,94592,2461970,599597,3061567,16938433,1431247,1030308,415,2136788,924779
4/27/2021,India,Delhi,16913360,1047916,940930,14628,92358,2495676,619156,3114832,16885168,1449537,1045720,419,2171744,943088
4/28/2021,India,Delhi,16995189,1072065,958792,15009,98264,2512508,635385,3147893,16852107,1458364,1053721,423,2196886,951007
4/29/2021,India,Delhi,17069040,1098051,979250,15377,103424,2558135,666693,3224828,16775172,1482632,1075072,431,2245971,978857
4/30/2021,India,Delhi,17151785,1122286,1008537,15772,97977,2581651,690299,3271950,16728050,1495036,1086175,440,2279900,992050
5/1/2021,India,Delhi,17231565,1149333,1033825,16147,99361,2611942,711307,3323249,16676751,1511816,1099682,444,2308489,1014760
5/2/2021,India,Delhi,17303562,1174552,1061246,16559,96747,2613227,711675,3324902,16675098,1512591,1100192,444,2309854,1015048
5/3/2021,India,Delhi,17364607,1194946,1085690,16966,92290,2676373,739355,3415728,16584272,1551202,1124715,456,2360953,1054775
5/4/2021,India,Delhi,17439261,1212989,1105983,17414,89592,2742953,764682,3507635,16492365,1591565,1150913,475,2414333,1093302
5/5/2021,India,Delhi,17518752,1232942,1124771,17752,90419,2800013,776078,3576091,16423909,1626372,1173158,483,2458649,1117442
5/6/2021,India,Delhi,17597532,1253902,1143980,18063,91859,2883317,810497,3693814,16306186,1676526,1206289,502,2528757,1165057
5/7/2021,India,Delhi,17677125,1273035,1164008,18398,90629,2951479,822589,3774068,16225932,1717488,1233474,517,2581057,1193011
5/8/2021,India,Delhi,17751509,1292867,1183093,18739,91035,3044458,861454,3905912,16094088,1771228,1272699,531,2661248,1244664
5/9/2021,India,Delhi,17813061,1310231,1203253,19071,87907,3045394,862075,3907469,16092531,1771717,1273146,531,2662713,1244756
5/10/2021,India,Delhi,17879295,1323567,1217991,19344,86232,3142198,909259,4051457,15948543,1827189,1314458,551,2752041,1299416
5/11/2021,India,Delhi,17949571,1336218,1231297,19663,85258,3229399,954497,4183896,15816104,1876398,1352431,570,2837269,1346627
5/12/2021,India,Delhi,18027606,1348699,1244880,20010,83809,3292311,967027,4259338,15740662,1912592,1379139,580,2895849,1363489
5/13/2021,India,Delhi,18101281,1361986,1258951,20310,82725,3378261,1007644,4385905,15614095,1960353,1417310,598,2980410,1405495
5/14/2021,India,Delhi,18169856,1372475,1274140,20618,77717,3381649,1008943,4390592,15609408,1962290,1418759,600,2984454,1406138
5/15/2021,India,Delhi,18226667,1380981,1288280,20907,71794,3464560,1046847,4511407,15488593,2008240,1455692,628,3069663,1441744
5/16/2021,India,Delhi,18288726,1387411,1299872,21244,66295,3544850,1058370,4603220,15396780,2053531,1490666,653,3141258,1461962
5/17/2021,India,Delhi,18342482,1393867,1309578,21506,62783,3639716,1077967,4717683,15282317,2107356,1531683,677,3231580,1486103
5/18/2021,India,Delhi,18407486,1398391,1320496,21846,56049,3729586,1095080,4824666,15175334,2158874,1570007,705,3317432,1507234
5/19/2021,India,Delhi,18474059,1402873,1329899,22111,50863,3791772,1102221,4893993,15106007,2195074,1595984,714,3379017,1514976
5/20/2021,India,Delhi,18532803,1406719,1339326,22346,45047,3849484,1123443,4972927,15027073,2227935,1620816,733,3435876,1537051
5/21/2021,India,Delhi,18595993,1409950,1347157,22579,40214,3891569,1132260,5023829,14976171,2251807,1639015,747,3476178,1547651
5/22/2021,India,Delhi,18659148,1412959,1354445,22831,35683,3937525,1151834,5089359,14910641,2277217,1659551,757,3520414,1568945
5/23/2021,India,Delhi,18727191,1415219,1360898,23013,31308,3941970,1152081,5094051,14905949,2279825,1661387,758,3524385,1569666
5/24/2021,India,Delhi,18788697,1416868,1366056,23202,27610,3982667,1166434,5149101,14850899,2302607,1679293,767,3565532,1583569
5/25/2021,India,Delhi,18862103,1418418,1370431,23409,24578,4016461,1176959,5193420,14806580,2322448,1693241,772,3600121,1593299
5/26/2021,India,Delhi,18939206,1419986,1374682,23565,21739,4047233,1180408,5227641,14772359,2341196,1705259,778,3629507,1598134
5/27/2021,India,Delhi,19009274,1421477,1378634,23695,19148,4081178,1185868,5267046,14732954,2362008,1718387,783,3664495,1602551
5/28/2021,India,Delhi,19081127,1422549,1382359,23812,16378,4109416,1188728,5298144,14701856,2379448,1729173,795,3692046,1606098
5/29/2021,India,Delhi,19161600,1423690,1385158,23951,14581,4148595,1203871,5352466,14647534,2402674,1745120,801,3729638,1622828
5/30/2021,India,Delhi,19237040,1424646,1387538,24073,13035,4157813,1204291,5362104,14637896,2408287,1748725,801,3739007,1623097
1/1/2021,India,West Bengal,7149539,552063,530366,9712,11985,1229,0,1229,96998771,476,753,0,1229,0
1/2/2021,India,West Bengal,7177814,553216,531862,9738,11616,1267,0,1267,96998733,478,789,0,1267,0
1/3/2021,India,West Bengal,7210070,554079,533305,9766,11008,1339,0,1339,96998661,589,750,0,1339,0
1/4/2021,India,West Bengal,7235326,554975,534737,9792,10446,1431,0,1431,96998569,597,834,0,1431,0
1/5/2021,India,West Bengal,7266038,555572,536084,9817,9671,1449,0,1449,96998551,603,846,0,1449,0
1/6/2021,India,West Bengal,7300154,556384,537250,9841,9293,1489,0,1489,96998511,672,817,0,1489,0
1/7/2021,India,West Bengal,7336021,557252,538521,9863,8868,1513,0,1513,96998487,655,858,0,1513,0
1/8/2021,India,West Bengal,7372156,558173,539816,9881,8476,1545,0,1545,96998455,656,889,0,1545,0
1/9/2021,India,West Bengal,7406377,559099,540952,9902,8245,1656,0,1656,96998344,712,944,0,1656,0
1/10/2021,India,West Bengal,7441500,559886,541930,9922,8034,1691,0,1691,96998309,785,906,0,1691,0
1/11/2021,India,West Bengal,7464813,560709,542887,9941,7881,1745,0,1745,96998255,776,969,0,1745,0
1/12/2021,India,West Bengal,7497837,561321,543826,9957,7538,1734,0,1734,96998266,789,945,0,1734,0
1/13/2021,India,West Bengal,7527944,562072,544705,9975,7392,1767,0,1767,96998233,889,878,0,1767,0
1/14/2021,India,West Bengal,7560561,562795,545499,9993,7303,1845,0,1845,96998155,934,911,0,1845,0
1/15/2021,India,West Bengal,7591121,563475,546193,10010,7272,1867,0,1867,96998133,945,922,0,1867,0
1/16/2021,India,West Bengal,7621132,564098,546849,10026,7223,1917,0,1917,96998083,956,961,0,1917,0
1/17/2021,India,West Bengal,7647363,564707,547515,10041,7151,2085,0,2085,96997915,996,1089,0,2085,0
1/18/2021,India,West Bengal,7666238,565272,548136,10053,7083,5060,0,5060,96994940,2253,2807,0,5060,0
1/19/2021,India,West Bengal,7696272,565661,548705,10063,6893,12364,0,12364,96987636,4823,7541,0,12364,0
1/20/2021,India,West Bengal,7723376,566073,549218,10074,6781,14624,0,14624,96985376,5497,9127,0,14624,0
1/21/2021,India,West Bengal,7751669,566482,549727,10080,6675,20206,0,20206,96979794,7545,12661,0,20206,0
1/22/2021,India,West Bengal,7779840,566898,550244,10089,6565,41970,0,41970,96958030,14409,27526,35,41970,0
1/23/2021,India,West Bengal,7808082,567304,550737,10097,6470,43180,0,43180,96956820,14762,28377,41,43180,0
1/24/2021,India,West Bengal,7833289,567714,551211,10107,6396,46143,0,46143,96953857,15780,30318,45,46143,0
1/25/2021,India,West Bengal,7851532,568103,551665,10115,6323,87815,0,87815,96912185,28568,59165,82,87815,0
1/26/2021,India,West Bengal,7876899,568355,552082,10122,6151,88627,0,88627,96911373,28788,59755,84,88627,0
1/27/2021,India,West Bengal,7894508,568650,552491,10131,6028,130937,0,130937,96869063,41351,89485,101,130937,0
1/28/2021,India,West Bengal,7919637,568884,552877,10139,5868,161415,0,161415,96838585,51073,110239,103,161415,0
1/29/2021,India,West Bengal,7944701,569173,553244,10148,5781,191566,0,191566,96808434,60682,130779,105,191566,0
1/30/2021,India,West Bengal,7970808,569459,553593,10155,5711,214018,0,214018,96785982,68401,145512,105,214018,0
1/31/2021,India,West Bengal,7995854,569769,553934,10164,5671,214256,0,214256,96785744,68502,145649,105,214256,0
2/1/2021,India,West Bengal,8014022,569998,554272,10173,5553,238178,0,238178,96761822,77261,160810,107,238178,0
2/2/2021,India,West Bengal,8036329,570177,554578,10179,5420,259341,0,259341,96740659,85365,173863,113,259341,0
2/3/2021,India,West Bengal,8058141,570380,554887,10188,5305,271828,0,271828,96728172,90102,181609,117,271784,44
2/4/2021,India,West Bengal,8081172,570581,555190,10195,5196,290908,0,290908,96709092,97245,193544,119,290793,115
2/5/2021,India,West Bengal,8104339,570787,555491,10199,5097,314065,0,314065,96685935,106261,207680,124,313880,185
2/6/2021,India,West Bengal,8128350,570981,555788,10201,4992,323825,0,323825,96676175,110061,213639,125,323587,238
2/7/2021,India,West Bengal,8150715,571178,556081,10202,4895,323859,0,323859,96676141,110082,213652,125,323621,238
2/8/2021,India,West Bengal,8167828,571371,556370,10207,4794,346113,0,346113,96653887,120095,225893,125,345425,688
2/9/2021,India,West Bengal,8188284,571490,556649,10209,4632,372621,0,372621,96627379,135808,236688,125,370686,1935
2/10/2021,India,West Bengal,8209892,571636,556925,10215,4496,396442,0,396442,96603558,150028,246289,125,393164,3278
2/11/2021,India,West Bengal,8231998,571815,557208,10220,4387,421678,0,421678,96578322,165702,255851,125,416907,4771
2/12/2021,India,West Bengal,8256108,572032,557494,10225,4313,451987,0,451987,96548013,184971,266891,125,444387,7600
2/13/2021,India,West Bengal,8278163,572220,557758,10229,4233,480743,1084,481827,96518173,203029,277587,127,469945,10798
2/14/2021,India,West Bengal,8300367,572405,558015,10230,4160,484229,1136,485365,96514635,204982,279120,127,472455,11774
2/15/2021,India,West Bengal,8315899,572595,558277,10232,4086,519678,6240,525918,96474082,226771,292779,128,503916,15762
2/16/2021,India,West Bengal,8335250,572728,558535,10233,3960,521537,6538,528075,96471925,228169,293240,128,505299,16238
2/17/2021,India,West Bengal,8349281,572879,558790,10235,3854,538752,12285,551037,96448963,238483,300141,128,519702,19050
2/18/2021,India,West Bengal,8368326,573012,559039,10237,3736,544667,18623,563290,96436710,251544,293031,92,521057,23610
2/19/2021,India,West Bengal,8388854,573193,559282,10239,3672,596408,35680,632088,96367912,278191,318098,119,568203,28205
2/20/2021,India,West Bengal,8409392,573387,559520,10242,3625,620329,44526,664855,96335145,296740,323474,115,586953,33376
2/21/2021,India,West Bengal,8429395,573580,559755,10246,3579,625050,44711,669761,96330239,300846,324089,115,589683,35367
2/22/2021,India,West Bengal,8444507,573762,559988,10249,3525,662851,64029,726880,96273120,330217,332532,102,618390,44461
2/23/2021,India,West Bengal,8462809,573910,560219,10251,3440,712116,76160,788276,96211724,369791,342221,104,654296,57820
2/24/2021,India,West Bengal,8483021,574099,560447,10253,3399,778861,94156,873017,96126983,422228,356527,106,706362,72499
2/25/2021,India,West Bengal,8503417,574301,560668,10256,3377,864083,114768,978851,96021149,489528,374446,109,773580,90503
2/26/2021,India,West Bengal,8523501,574500,560887,10260,3353,953882,138847,1092729,95907271,561866,391908,108,844155,109727
2/27/2021,India,West Bengal,8543514,574716,561110,10263,3343,953882,138847,1092729,95907271,561866,391908,108,844155,109727
2/28/2021,India,West Bengal,8563278,574926,561327,10266,3333,953882,138847,1092729,95907271,561866,391908,108,844155,109727
3/1/2021,India,West Bengal,8579292,575118,561543,10268,3307,953882,138847,1092729,95907271,561866,391908,108,844155,109727
3/2/2021,India,West Bengal,8598257,575316,561755,10268,3293,1012276,157761,1170037,95829963,606914,405230,132,891720,120556
3/3/2021,India,West Bengal,8618587,575487,561964,10270,3253,1081891,179460,1261351,95738649,659059,422695,137,952069,129822
3/4/2021,India,West Bengal,8638078,575712,562195,10272,3245,1151159,201021,1352180,95647820,708931,442082,146,1012445,138714
3/5/2021,India,West Bengal,8658929,575921,562412,10273,3236,1226222,222294,1448516,95551484,759685,466385,152,1078718,147504
3/6/2021,India,West Bengal,8678594,576176,562675,10275,3226,1299938,237628,1537566,95462434,807498,492278,162,1143559,156379
3/7/2021,India,West Bengal,8698853,576435,562945,10277,3213,1308982,238471,1547453,95452547,812952,495868,162,1151936,157046
3/8/2021,India,West Bengal,8713265,576623,563182,10278,3163,1424182,260000,1684182,95315818,881077,542933,172,1257030,167152
3/9/2021,India,West Bengal,8730503,576838,563403,10280,3155,1312737,283944,1596681,95403319,975389,621111,181,1417240,179346
3/10/2021,India,West Bengal,8748775,577026,563601,10281,3144,1426418,304497,1730915,95269085,1051346,679371,198,1543057,187763
3/11/2021,India,West Bengal,8768585,577026,563601,10281,3144,1486241,315733,1801974,95198026,1093842,707926,206,1610193,191682
3/12/2021,India,West Bengal,8787961,577267,563857,10283,3127,1641083,341920,1983003,95016997,1195941,786842,220,1781055,201849
3/13/2021,India,West Bengal,8805796,577788,564368,10287,3133,1742140,362109,2104249,94895751,1262535,841476,238,1895615,208534
3/14/2021,India,West Bengal,8826974,578064,564637,10288,3139,1753914,364071,2117985,94882015,1270369,847377,239,1908463,209422
3/15/2021,India,West Bengal,8840344,578347,564912,10292,3143,1958513,394498,2353011,94646989,1397096,955639,276,2131390,221521
3/16/2021,India,West Bengal,8857386,578598,565156,10295,3147,2400215,417956,2818171,94181829,1422806,977119,290,2583908,234263
3/17/2021,India,West Bengal,8875277,578853,565398,10297,3158,2688119,433675,3121794,93878206,1577709,1110077,333,2866897,254897
3/18/2021,India,West Bengal,8894786,579156,565670,10298,3188,2808898,451670,3260568,93739432,1645672,1162885,341,2995755,264813
3/19/2021,India,West Bengal,8915211,579479,565938,10300,3241,3086159,474968,3561127,93438873,1790533,1295254,372,3279859,281268
3/20/2021,India,West Bengal,8937990,579826,566228,10301,3297,3263416,494597,3758013,93241987,1882984,1380032,400,3456023,301990
3/21/2021,India,West Bengal,8958655,580209,566526,10303,3380,3294084,497397,3791481,93208519,1898738,1394941,405,3484021,307460
3/22/2021,India,West Bengal,8974663,580631,566821,10306,3504,3505433,523662,4029095,92970905,2010192,1494805,436,3695497,333598
3/23/2021,India,West Bengal,8992906,580999,567117,10308,3574,3727569,557282,4284851,92715149,2126625,1600493,451,3913072,371779
3/24/2021,India,West Bengal,9015071,581403,567437,10310,3656,3850626,578299,4428925,92571075,2192309,1657860,457,4032094,396831
3/25/2021,India,West Bengal,9038085,581865,567771,10312,3782,3976580,600700,4577280,92422720,2261811,1714302,467,4158642,418638
3/26/2021,India,West Bengal,9062119,582381,568115,10316,3950,4261110,622358,4883468,92116532,2405782,1854839,489,4436826,446642
3/27/2021,India,West Bengal,9086532,583027,568476,10320,4231,4448531,633855,5082386,91917614,2499459,1948561,511,4619136,463250
3/28/2021,India,West Bengal,9113077,583839,568909,10322,4608,4453685,634050,5087735,91912265,2502055,1951119,511,4624344,463391
3/29/2021,India,West Bengal,9131193,584666,569366,10324,4976,4475456,635490,5110946,91889054,2513314,1961626,516,4643655,467291
3/30/2021,India,West Bengal,9149062,585305,569828,10325,5152,4671332,652386,5323718,91676282,2613576,2057218,538,4837410,486308
3/31/2021,India,West Bengal,9172599,585933,570303,10327,5303,4798424,669015,5467439,91532561,2676605,2121264,555,4964440,502999
4/1/2021,India,West Bengal,9198365,586915,570811,10329,5775,4932709,681742,5614451,91385549,2742833,2189310,566,5098631,515820
4/2/2021,India,West Bengal,9225351,588189,571345,10331,6513,5103078,693906,5796984,91203016,2825920,2276577,581,5266017,530967
4/3/2021,India,West Bengal,9251465,589922,571895,10335,7692,5260046,707854,5967900,91032100,2902501,2356946,599,5424468,543432
4/4/2021,India,West Bengal,9278233,591658,572474,10340,8844,5427490,720668,6148158,90851842,2985675,2441198,617,5592150,556008
4/5/2021,India,West Bengal,9304407,593615,573118,10344,10153,5657151,739324,6396475,90603525,3097050,2559453,648,5824327,572148
4/6/2021,India,West Bengal,9333801,595576,573782,10348,11446,5881580,758183,6639763,90360237,3204767,2676149,664,6049957,589806
4/7/2021,India,West Bengal,9363195,597634,574504,10355,12775,6222811,797802,7020613,89979387,3370530,2851586,695,6393866,626747
4/8/2021,India,West Bengal,9396694,600024,575371,10363,14290,6465014,846672,7311686,89688314,3492756,2971542,716,6647848,663838
4/9/2021,India,West Bengal,9432811,602807,576328,10370,16109,6783892,889377,7673269,89326731,3647663,3135469,760,6962276,710993
4/10/2021,India,West Bengal,9469676,606455,577474,10378,18603,6972586,918582,7891168,89108832,3741766,3230032,788,7138151,753017
4/11/2021,India,West Bengal,9510048,610498,578742,10390,21366,7051017,931259,7982276,89017724,3782206,3268014,797,7205793,776483
4/12/2021,India,West Bengal,9547164,614896,580515,10400,23981,7241680,983108,8224788,88775212,3877922,3362932,826,7389157,835631
4/13/2021,India,West Bengal,9589378,619407,582462,10414,26531,7328009,1017050,8345059,88654941,3926414,3400769,826,7472245,872814
4/14/2021,India,West Bengal,9632841,624224,584740,10434,29050,7398413,1044479,8442892,88557108,3964545,3433037,831,7546530,896362
4/15/2021,India,West Bengal,9674962,630116,587037,10458,32621,7415379,1053426,8468805,88531195,3974353,3440191,835,7565196,903609
4/16/2021,India,West Bengal,9715115,636885,589424,10480,36981,7499090,1109692,8608782,88391218,4018864,3479382,844,7678667,930115
4/17/2021,India,West Bengal,9762086,643795,592242,10506,41047,7577053,1162663,8739716,88260284,4060679,3515521,853,7785952,953764
4/18/2021,India,West Bengal,9808160,651508,595668,10540,45300,7593056,1171094,8764150,88235850,4069772,3522428,856,7803934,960216
4/19/2021,India,West Bengal,9850278,659927,599721,10568,49638,7701111,1275030,8976141,88023859,4128110,3572137,864,7989460,986681
4/20/2021,India,West Bengal,9900322,668353,604329,10606,53418,7830594,1379100,9209694,87790306,4198697,3631015,882,8201847,1007847
4/21/2021,India,West Bengal,9950336,678172,609134,10652,58386,7934464,1461604,9396068,87603932,4254741,3678829,894,8369874,1026194
4/22/2021,India,West Bengal,10003490,688956,614750,10710,63496,8024582,1533651,9558233,87441767,4303341,3720337,904,8516923,1041310
4/23/2021,India,West Bengal,10056136,700904,621340,10766,68798,8139244,1641011,9780255,87219745,4365184,3773140,920,8720207,1060048
4/24/2021,India,West Bengal,10111196,713780,628218,10825,74737,8227116,1711307,9938423,87061577,4413135,3813048,933,8863414,1075009
4/25/2021,India,West Bengal,10166796,728061,635802,10884,81375,8243729,1725523,9969252,87030748,4422524,3820268,937,8890664,1078588
4/26/2021,India,West Bengal,10215358,743950,644209,10941,88800,8363314,1865680,10228994,86771006,4487398,3874965,951,9132253,1096741
4/27/2021,India,West Bengal,10270645,759942,653984,11009,94949,8467133,1970532,10437665,86562335,4544342,3921834,957,9317816,1119849
4/28/2021,India,West Bengal,10325581,776345,664648,11082,100615,8539976,2090793,10630769,86369231,4584349,3954665,962,9494410,1136359
4/29/2021,India,West Bengal,10379305,793552,676581,11159,105812,8596240,2185401,10781641,86218359,4614983,3980290,967,9630824,1150817
4/30/2021,India,West Bengal,10432553,810955,689466,11248,110241,8662227,2309721,10971948,86028052,4650922,4010327,978,9800227,1171721
5/1/2021,India,West Bengal,10488850,828366,703398,11344,113624,8689947,2368106,11058053,85941947,4666310,4022654,983,9880929,1177124
5/2/2021,India,West Bengal,10545059,845878,717772,11447,116659,8692844,2373480,11066324,85933676,4667838,4024023,983,9888743,1177581
5/3/2021,India,West Bengal,10600346,863393,733359,11539,118495,8725020,2531077,11256097,85743903,4685336,4038697,987,10064513,1191584
5/4/2021,India,West Bengal,10658094,880894,749296,11637,119961,8750404,2659493,11409897,85590103,4699482,4049922,1000,10205461,1204436
5/5/2021,India,West Bengal,10717613,898533,765843,11744,120946,8764695,2742032,11506727,85493273,4707646,4056047,1002,10292281,1214446
5/6/2021,India,West Bengal,10777718,916635,782916,11847,121872,8777268,2817455,11594723,85405277,4715269,4060997,1002,10367932,1226791
5/7/2021,India,West Bengal,10842269,935066,800328,11964,122774,8808010,3031670,11839680,85160320,4732280,4074724,1006,10593577,1246103
5/8/2021,India,West Bengal,10905646,954282,818108,12076,124098,8823763,3128641,11952404,85047596,4741259,4081493,1011,10691741,1260663
5/9/2021,India,West Bengal,10968741,973718,836351,12203,125164,8825922,3137939,11963861,85036139,4742419,4082492,1011,10700909,1262952
5/10/2021,India,West Bengal,11030927,993159,854805,12327,126027,8844778,3263883,12108661,84891339,4752862,4090901,1015,10815276,1293385
5/11/2021,India,West Bengal,11099069,1012604,873480,12461,126663,8862487,3364391,12226878,84773122,4763561,4097909,1017,10901688,1325190
5/12/2021,India,West Bengal,11168943,1032740,892474,12593,127673,8890679,3517391,12408070,84591930,4779701,4109958,1020,11057897,1350173
5/13/2021,India,West Bengal,11239416,1053117,911705,12728,128684,8916777,3645913,12562690,84437310,4795315,4120439,1023,11189843,1372847
5/14/2021,India,West Bengal,11309467,1073956,930886,12857,130213,8929070,3680177,12609247,84390753,4803397,4124650,1023,11227250,1381997
5/15/2021,India,West Bengal,11376030,1094802,950017,12993,131792,8955081,3717988,12673069,84326931,4820673,4133379,1029,11277501,1395568
5/16/2021,India,West Bengal,11440579,1114313,969228,13137,131948,8958736,3719913,12678649,84321351,4823003,4134704,1029,11281671,1396978
5/17/2021,India,West Bengal,11500373,1133430,988341,13284,131805,9001376,3739934,12741310,84258690,4851954,4148384,1038,11319508,1421802
5/18/2021,India,West Bengal,11567999,1152433,1007442,13431,131560,9046876,3758465,12805341,84194659,4882518,4163312,1046,11359373,1445968
5/19/2021,India,West Bengal,11638132,1171861,1026492,13576,131793,9095356,3773927,12869283,84130717,4914829,4179468,1059,11402543,1466740
5/20/2021,India,West Bengal,11708770,1190867,1045643,13733,131491,9145955,3787822,12933777,84066223,4948615,4196276,1064,11448781,1484996
5/21/2021,India,West Bengal,11786397,1209958,1064553,13895,131510,9202262,3803361,13005623,83994377,4987692,4213499,1071,11501679,1503944
5/22/2021,India,West Bengal,11856416,1229805,1083570,14054,132181,9274004,3814978,13088982,83911018,5038932,4233990,1082,11567292,1521690
5/23/2021,India,West Bengal,11925561,1248668,1102772,14208,131688,9329018,3815454,13144472,83855528,5077002,4250930,1086,11619599,1524873
5/24/2021,India,West Bengal,11991849,1267090,1122201,14364,130525,9506802,3827383,13334185,83665815,5198600,4307101,1101,11787148,1547037
5/25/2021,India,West Bengal,12057972,1284973,1141871,14517,128585,9656735,3835898,13492633,83507367,5299015,4356592,1128,11929902,1562731
5/26/2021,India,West Bengal,12121948,1301978,1160928,14674,126376,9718236,3837142,13555378,83444622,5339855,4377247,1134,11990341,1565037
5/27/2021,India,West Bengal,12179113,1318203,1179999,14827,123377,9887152,3842587,13729739,83270261,5451575,4434426,1151,12153379,1576360
5/28/2021,India,West Bengal,12238301,1331249,1199120,14975,117154,10141006,3852291,13993297,83006703,5615050,4524749,1207,12396453,1596844
5/29/2021,India,West Bengal,12301819,1343442,1218516,15120,109806,10407006,3864061,14271067,82728933,5782515,4623251,1240,12651983,1619084
5/30/2021,India,West Bengal,12372134,1354956,1237290,15268,102398,10547015,3865954,14412969,82587031,5871662,4674095,1258,12787135,1625834
1/1/2021,India,Uttar Pradesh,24087257,585902,563278,8364,14260,1834,0,1834,224998166,598,1236,0,1834,0
1/2/2021,India,Uttar Pradesh,24216483,586751,564541,8379,13831,1846,0,1846,224998154,567,1279,0,1846,0
1/3/2021,India,Uttar Pradesh,24348477,587434,565731,8387,13316,1869,0,1869,224998131,456,1413,0,1869,0
1/4/2021,India,Uttar Pradesh,24468207,588171,566910,8403,12858,1855,0,1855,224998145,789,1066,0,1855,0
1/5/2021,India,Uttar Pradesh,24594871,588882,567964,8413,12505,1911,0,1911,224998089,777,1134,0,1911,0
1/6/2021,India,Uttar Pradesh,24741829,589611,568892,8433,12286,1977,0,1977,224998023,678,1299,0,1977,0
1/7/2021,India,Uttar Pradesh,24887930,590339,569959,8441,11939,1983,0,1983,224998017,987,996,0,1974,9
1/8/2021,India,Uttar Pradesh,25034039,590844,570605,8452,11787,1999,0,1999,224998001,878,1121,0,1988,11
1/9/2021,India,Uttar Pradesh,25178712,591610,571606,8469,11535,2007,0,2007,224997993,768,1239,0,1995,12
1/10/2021,India,Uttar Pradesh,25317134,592475,572773,8481,11221,2059,0,2059,224997941,789,1270,0,2037,22
1/11/2021,India,Uttar Pradesh,25440392,593171,573542,8495,11134,2075,0,2075,224997925,1090,985,0,2063,12
1/12/2021,India,Uttar Pradesh,25569666,593680,574312,8504,10864,2087,0,2087,224997913,1267,820,0,2064,23
1/13/2021,India,Uttar Pradesh,25707811,594175,575101,8514,10560,2139,0,2139,224997861,1145,994,0,2096,43
1/14/2021,India,Uttar Pradesh,25841533,594641,575980,8529,10132,2134,0,2134,224997866,1209,925,0,2085,49
1/15/2021,India,Uttar Pradesh,25963058,595142,576519,8543,10080,2203,0,2203,224997797,1208,995,0,2147,56
1/16/2021,India,Uttar Pradesh,26086641,595614,577475,8558,9581,2212,0,2212,224997788,1341,871,0,2157,55
1/17/2021,India,Uttar Pradesh,26214905,596137,578405,8570,9162,2224,0,2224,224997776,1345,879,0,2169,55
1/18/2021,India,Uttar Pradesh,26325197,596528,579071,8576,8881,1532,0,1532,224998468,907,625,0,1490,42
1/19/2021,India,Uttar Pradesh,26446710,596904,579693,8580,8631,1568,0,1568,224998432,930,638,0,1525,43
1/20/2021,India,Uttar Pradesh,26576008,597238,580482,8584,8172,1568,0,1568,224998432,930,638,0,1525,43
1/21/2021,India,Uttar Pradesh,26715060,597628,581164,8591,7873,1578,0,1578,224998422,933,645,0,1535,43
1/22/2021,India,Uttar Pradesh,26853170,597823,581509,8597,7717,21325,0,21325,224978675,7096,14228,1,20998,327
1/23/2021,India,Uttar Pradesh,26975577,598126,581993,8605,7528,30644,0,30644,224969356,10300,20343,1,30198,446
1/24/2021,India,Uttar Pradesh,27099309,598445,582506,8609,7330,43669,0,43669,224956331,14952,28714,3,43052,617
1/25/2021,India,Uttar Pradesh,27205975,598713,583014,8617,7082,59780,0,59780,224940220,20276,39501,3,58865,915
1/26/2021,India,Uttar Pradesh,27320329,598907,583470,8624,6813,62477,0,62477,224937523,20961,41513,3,61537,940
1/27/2021,India,Uttar Pradesh,27424012,599208,584039,8632,6537,95724,0,95724,224904276,31827,63892,5,94226,1498
1/28/2021,India,Uttar Pradesh,27536763,599376,584372,8636,6368,268081,0,268081,224731919,82036,186025,20,264565,3516
1/29/2021,India,Uttar Pradesh,27657436,599624,584752,8642,6230,429946,0,429946,224570054,130950,298960,36,424480,5466
1/30/2021,India,Uttar Pradesh,27769217,599837,585273,8646,5918,433040,0,433040,224566960,131777,301226,37,427572,5468
1/31/2021,India,Uttar Pradesh,27888620,600079,585747,8650,5682,434185,0,434185,224565815,132125,302023,37,428716,5469
2/1/2021,India,Uttar Pradesh,27989752,600299,586116,8658,5525,434549,0,434549,224565451,132288,302224,37,429080,5469
2/2/2021,India,Uttar Pradesh,28092122,600470,586505,8662,5303,435502,0,435502,224564498,132574,302891,37,430033,5469
2/3/2021,India,Uttar Pradesh,28211459,600642,586967,8668,5007,435645,0,435645,224564355,132643,302965,37,430176,5469
2/4/2021,India,Uttar Pradesh,28340622,600837,587398,8674,4765,555622,0,555622,224444378,173304,382272,46,549253,6369
2/5/2021,India,Uttar Pradesh,28453058,600970,587661,8680,4629,636917,0,636917,224363083,224300,412566,51,627821,9096
2/6/2021,India,Uttar Pradesh,28578777,601128,587984,8682,4462,638107,0,638107,224361893,225075,412980,52,629008,9099
2/7/2021,India,Uttar Pradesh,28693975,601272,588148,8686,4438,638805,0,638805,224361195,225664,413089,52,629706,9099
2/8/2021,India,Uttar Pradesh,28796828,601385,588818,8687,3880,640144,0,640144,224359856,226737,413355,52,631036,9108
2/9/2021,India,Uttar Pradesh,28912704,601455,589322,8691,3442,640845,0,640845,224359155,227388,413405,52,631719,9126
2/10/2021,India,Uttar Pradesh,29040824,601562,589565,8691,3306,643010,0,643010,224356990,229177,413780,53,633645,9365
2/11/2021,India,Uttar Pradesh,29167417,601723,589771,8696,3256,746208,0,746208,224253792,322369,423786,53,676682,69526
2/12/2021,India,Uttar Pradesh,29302186,601898,589882,8696,3320,863157,0,863157,224136843,428140,434964,53,724190,138967
2/13/2021,India,Uttar Pradesh,29439862,602001,590071,8698,3232,864379,2,864381,224135619,429282,435044,53,724840,139539
2/14/2021,India,Uttar Pradesh,29561480,602089,590292,8699,3098,864487,2,864489,224135511,429383,435051,53,724948,139539
2/15/2021,India,Uttar Pradesh,29672959,602190,590448,8702,3040,955423,19788,975211,224024789,462664,492680,79,811975,143448
2/16/2021,India,Uttar Pradesh,29793515,602248,590570,8704,2974,956093,19814,975907,224024093,462920,493094,79,812564,143529
2/17/2021,India,Uttar Pradesh,29916634,602344,590787,8704,2853,956274,19814,976088,224023912,463088,493107,79,812685,143589
2/18/2021,India,Uttar Pradesh,30037025,602410,591013,8707,2690,1034940,19927,1054867,223945133,579229,455637,74,852572,182368
2/19/2021,India,Uttar Pradesh,30173226,602490,591194,8709,2587,1135502,98768,1234270,223765730,618382,517041,79,949900,185602
2/20/2021,India,Uttar Pradesh,30308030,602592,591359,8712,2521,1136590,100271,1236861,223763139,619024,517486,80,950935,185655
2/21/2021,India,Uttar Pradesh,30434156,602705,591559,8714,2432,1136650,100709,1237359,223762641,619077,517493,80,950994,185656
2/22/2021,India,Uttar Pradesh,30546056,602785,591700,8715,2370,1237517,101889,1339406,223660594,709510,527927,80,1037297,200220
2/23/2021,India,Uttar Pradesh,30669496,602869,591787,8716,2366,1239758,102272,1342030,223657970,711520,528158,80,1039019,200739
2/24/2021,India,Uttar Pradesh,30789576,602975,591989,8718,2268,1240045,102273,1342318,223657682,711789,528176,80,1039297,200748
2/25/2021,India,Uttar Pradesh,30930489,603103,592192,8721,2190,1274807,246737,1521544,223478456,739506,535221,80,1068945,205862
2/26/2021,India,Uttar Pradesh,31053915,603232,592327,8723,2182,1281076,387553,1668629,223331371,741696,539301,79,1075076,206000
2/27/2021,India,Uttar Pradesh,31171541,603350,592441,8725,2184,1281076,387553,1668629,223331371,741696,539301,79,1075076,206000
2/28/2021,India,Uttar Pradesh,31287226,603427,592556,8725,2146,1281078,387553,1668631,223331369,741698,539301,79,1075078,206000
3/1/2021,India,Uttar Pradesh,31395891,603527,592699,8725,2103,1281078,387553,1668631,223331369,741698,539301,79,1075078,206000
3/2/2021,India,Uttar Pradesh,31505760,603608,592803,8727,2078,1294029,387630,1681659,223318341,749939,544010,80,1086116,207913
3/3/2021,India,Uttar Pradesh,31631238,603711,592901,8728,2082,1295029,387638,1682667,223317333,750628,544321,80,1086956,208073
3/4/2021,India,Uttar Pradesh,31749776,603788,593035,8728,2025,1365655,458641,1824296,223175704,789904,575662,89,1156018,209637
3/5/2021,India,Uttar Pradesh,31868690,603907,593149,8729,2029,1465524,522566,1988090,223011910,849180,616237,107,1253318,212206
3/6/2021,India,Uttar Pradesh,31977811,604034,593288,8729,2017,1485787,529204,2014991,222985009,861476,624204,107,1272046,213741
3/7/2021,India,Uttar Pradesh,32086306,604164,593704,8729,1731,1488836,530345,2019181,222980819,863277,625452,107,1275002,213834
3/8/2021,India,Uttar Pradesh,32170019,604279,593895,8737,1647,1679720,536991,2216711,222783289,972019,707574,127,1463758,215962
3/9/2021,India,Uttar Pradesh,32270637,604380,594008,8738,1634,1171217,538344,1709561,223290439,988315,721114,132,1492500,216927
3/10/2021,India,Uttar Pradesh,32375774,604527,594109,8740,1678,1196503,539296,1735799,223264201,1004062,731601,136,1517410,218255
3/11/2021,India,Uttar Pradesh,32481124,604527,594109,8740,1678,1201688,539669,1741357,223258643,1007227,733994,136,1522694,218528
3/12/2021,India,Uttar Pradesh,32571317,604648,594219,8740,1689,1426304,612105,2038409,222961591,1204798,833436,175,1772481,265793
3/13/2021,India,Uttar Pradesh,32661290,604958,594396,8743,1819,1458839,620432,2079271,222920729,1231273,847822,176,1808198,270938
3/14/2021,India,Uttar Pradesh,32757452,605112,594550,8745,1817,1474743,620742,2095485,222904515,1240226,855083,176,1823920,271430
3/15/2021,India,Uttar Pradesh,32848018,605290,594693,8746,1851,1731354,667098,2398452,222601548,1409502,988740,210,2116695,281622
3/16/2021,India,Uttar Pradesh,32948378,605441,594855,8748,1838,2456849,731673,3188522,221811478,1432819,1023810,220,2825725,362797
3/17/2021,India,Uttar Pradesh,33067774,605655,594993,8750,1912,2723448,740940,3464388,221535612,1584905,1138257,286,3087758,376630
3/18/2021,India,Uttar Pradesh,33192152,605915,595150,8751,2014,3034854,846226,3881080,221118920,1771561,1262978,315,3462081,418999
3/19/2021,India,Uttar Pradesh,33315662,606229,595259,8753,2217,3348666,882861,4231527,220768473,1950313,1397998,355,3790388,441139
3/20/2021,India,Uttar Pradesh,33450709,606609,595382,8757,2470,3497298,893146,4390444,220609556,2035408,1461513,377,3938026,452418
3/21/2021,India,Uttar Pradesh,33580378,607050,595518,8758,2774,3522238,894606,4416844,220583156,2049491,1472366,381,3962317,454527
3/22/2021,India,Uttar Pradesh,33715631,607538,595743,8759,3036,3797621,952102,4749723,220250277,2207786,1589409,426,4266599,483124
3/23/2021,India,Uttar Pradesh,33835134,608076,595920,8760,3396,3982323,977876,4960199,220039801,2314924,1666947,452,4457585,502614
3/24/2021,India,Uttar Pradesh,33972718,608709,596101,8764,3844,4087684,982809,5070493,219929507,2376980,1710235,469,4556284,514209
3/25/2021,India,Uttar Pradesh,34115701,609443,596286,8769,4388,4337751,1006786,5344537,219655463,2518497,1818750,504,4805583,538954
3/26/2021,India,Uttar Pradesh,34260584,610273,596451,8773,5049,4549205,1014440,5563645,219436355,2634688,1913991,526,5005604,558041
3/27/2021,India,Uttar Pradesh,34400505,611301,596698,8779,5824,4627476,1017283,5644759,219355241,2678999,1947941,536,5076873,567886
3/28/2021,India,Uttar Pradesh,34546987,612403,596953,8783,6667,4631003,1017592,5648595,219351405,2680872,1949592,539,5080135,568460
3/29/2021,India,Uttar Pradesh,34666170,613798,597320,8786,7692,4631064,1017594,5648658,219351342,2680908,1949617,539,5080198,568460
3/30/2021,India,Uttar Pradesh,34730690,615078,597619,8790,8669,4659569,1018413,5677982,219322018,2696915,1962110,544,5105110,572872
3/31/2021,India,Uttar Pradesh,34798213,615996,598001,8800,9195,4726820,1021066,5747886,219252114,2734855,1991413,552,5164220,583666
4/1/2021,India,Uttar Pradesh,34922434,617194,598535,8811,9848,4929565,1033825,5963390,219036610,2847676,2081317,572,5347272,616118
4/2/2021,India,Uttar Pradesh,35070062,619783,599045,8820,11918,5281547,1054168,6335715,218664285,3038247,2242682,618,5659424,676291
4/3/2021,India,Uttar Pradesh,35236205,622736,599827,8836,14073,5511428,1066273,6577701,218422299,3163765,2347011,652,5866976,710725
4/4/2021,India,Uttar Pradesh,35413966,625923,600577,8850,16496,5663490,1073973,6737463,218262537,3245840,2416985,665,6008206,729257
4/5/2021,India,Uttar Pradesh,35575232,630059,601440,8881,19738,5917539,1106521,7024060,217975940,3382139,2534709,691,6270097,753963
4/6/2021,India,Uttar Pradesh,35754807,634033,602319,8894,22820,6199023,1141236,7340259,217659741,3531382,2666896,745,6559849,780410
4/7/2021,India,Uttar Pradesh,35942111,639928,603495,8924,27509,6619721,1171936,7791657,217208343,3756137,2862783,801,6974029,817628
4/8/2021,India,Uttar Pradesh,36147340,645930,604979,8964,31987,6950868,1193098,8143966,216856034,3932633,3017373,862,7297497,846469
4/9/2021,India,Uttar Pradesh,36344993,654404,606063,9003,39338,7169348,1226853,8396201,216603799,4049576,3118869,903,7525888,870313
4/10/2021,India,Uttar Pradesh,36557245,663991,606646,9039,48306,7255753,1238088,8493841,216506159,4096709,3158131,913,7610009,883832
4/11/2021,India,Uttar Pradesh,36761069,676739,608853,9085,58801,7558409,1265684,8824093,216175907,4255205,3302238,966,7929808,894285
4/12/2021,India,Uttar Pradesh,36954537,692015,611622,9152,71241,8013755,1342857,9356612,215643388,4497208,3515475,1072,8449278,907334
4/13/2021,India,Uttar Pradesh,37173548,705619,614819,9224,81576,8329706,1388442,9718148,215281852,4677156,3651403,1147,8802147,916001
4/14/2021,India,Uttar Pradesh,37384344,723582,618293,9309,95980,8605823,1421804,10027627,214972373,4826390,3778235,1198,9103202,924425
4/15/2021,India,Uttar Pradesh,37590753,744021,622810,9376,111835,8790085,1482329,10272414,214727586,4930473,3858375,1237,9339216,933198
4/16/2021,India,Uttar Pradesh,37814182,766360,627032,9480,129848,8978071,1559991,10538062,214461938,5036285,3940518,1268,9584413,953649
4/17/2021,India,Uttar Pradesh,38029865,793720,633461,9583,150676,9102301,1609896,10712197,214287803,5108217,3992782,1302,9738103,974094
4/18/2021,India,Uttar Pradesh,38266474,821054,641292,9703,170059,9106335,1612014,10718349,214281651,5110551,3994481,1303,9742887,975462
4/19/2021,India,Uttar Pradesh,38467016,851620,650333,9830,191457,9224739,1684314,10909053,214090947,5180547,4042875,1317,9912425,996628
4/20/2021,India,Uttar Pradesh,38666846,879831,661311,9997,208523,9356225,1764289,11120514,213879486,5259926,4094964,1335,10102121,1018393
4/21/2021,India,Uttar Pradesh,38892416,909405,675702,10159,223544,9449601,1809439,11259040,213740960,5313227,4134975,1399,10226929,1032111
4/22/2021,India,Uttar Pradesh,39089449,942511,689900,10346,242265,9563554,1877188,11440742,213559258,5377729,4184398,1427,10375553,1065189
4/23/2021,India,Uttar Pradesh,39314905,976765,706414,10541,259810,9679629,1943675,11623304,213376696,5443500,4234615,1514,10527915,1095389
4/24/2021,India,Uttar Pradesh,39540989,1013370,728980,10737,273653,9779700,1997222,11776922,213223078,5500723,4277413,1564,10662682,1114240
4/25/2021,India,Uttar Pradesh,39780573,1051314,752211,10959,288144,9783480,2000449,11783929,213216071,5502900,4279015,1565,10668940,1114989
4/26/2021,India,Uttar Pradesh,39957293,1086625,777844,11165,297616,9883742,2063635,11947377,213052623,5559233,4322917,1592,10813291,1134086
4/27/2021,India,Uttar Pradesh,40141354,1120176,804563,11414,304199,9953817,2107421,12061238,212938762,5598797,4353410,1610,10907242,1153996
4/28/2021,India,Uttar Pradesh,40328141,1153097,834961,11678,306458,10018842,2150199,12169041,212830959,5635333,4381884,1625,10994940,1174101
4/29/2021,India,Uttar Pradesh,40553875,1182848,870864,11943,300041,10125866,2228129,12353995,212646005,5695500,4428709,1657,11157035,1196960
4/30/2021,India,Uttar Pradesh,40798042,1217952,896477,12238,309237,10240750,2317056,12557806,212442194,5759852,4479210,1688,11327171,1230635
5/1/2021,India,Uttar Pradesh,41064661,1252324,928971,12570,310783,10331285,2369407,12700692,212299308,5813773,4515800,1712,11429063,1271629
5/2/2021,India,Uttar Pradesh,41362046,1282504,967797,12874,301833,10334346,2371091,12705437,212294563,5815570,4517064,1712,11433083,1272354
5/3/2021,India,Uttar Pradesh,41591659,1313361,1004447,13162,295752,10439785,2445210,12884995,212115005,5876658,4561356,1771,11568984,1316011
5/4/2021,India,Uttar Pradesh,41800223,1342413,1043134,13447,285832,10544891,2517744,13062635,211937365,5937921,4605162,1808,11704662,1357973
5/5/2021,India,Uttar Pradesh,42032261,1368183,1081817,13798,272568,10642247,2585759,13228006,211771994,5994986,4645434,1827,11829527,1398479
5/6/2021,India,Uttar Pradesh,42258373,1399294,1122669,14151,262474,10742503,2660032,13402535,211597465,6054233,4686425,1845,11961485,1441050
5/7/2021,India,Uttar Pradesh,42499776,1425916,1151571,14501,259844,10833025,2726932,13559957,211440043,6107405,4723751,1869,12080254,1479703
5/8/2021,India,Uttar Pradesh,42724305,1453679,1184688,14873,254118,10914754,2779994,13694748,211305252,6154586,4758280,1888,12179195,1515553
5/9/2021,India,Uttar Pradesh,42953900,1480315,1219409,15170,245736,10916895,2780682,13697577,211302423,6155890,4759115,1890,12180820,1516757
5/10/2021,India,Uttar Pradesh,43169533,1503490,1254045,15464,233981,11025900,2855153,13881053,211118947,6220403,4803566,1931,12334636,1546417
5/11/2021,India,Uttar Pradesh,43404184,1524767,1283754,15742,225271,11141255,2931791,14073046,210926954,6287885,4851408,1962,12501198,1571848
5/12/2021,India,Uttar Pradesh,43651487,1545212,1313112,16043,216057,11291626,3009286,14300912,210699088,6374550,4915068,2008,12699111,1601801
5/13/2021,India,Uttar Pradesh,43906523,1563235,1340251,16369,206615,11465614,3115860,14581474,210418526,6476440,4987124,2050,12937866,1643608
5/14/2021,India,Uttar Pradesh,44170366,1580980,1359676,16646,204658,11590929,3180260,14771189,210228811,6548660,5040182,2087,13093177,1678012
5/15/2021,India,Uttar Pradesh,44427447,1596627,1385855,16957,193815,11723371,3260235,14983606,210016394,6625417,5095812,2142,13271953,1711653
5/16/2021,India,Uttar Pradesh,44695189,1609140,1414259,17238,177643,11724458,3260460,14984918,210015082,6626107,5096208,2143,13272971,1711947
5/17/2021,India,Uttar Pradesh,44950523,1619645,1439096,17546,163003,11943385,3278851,15222236,209777764,6754499,5186665,2221,13469794,1752442
5/18/2021,India,Uttar Pradesh,45231090,1628990,1462141,17817,149032,12144409,3292052,15436461,209563539,6872146,5269970,2293,13652895,1783566
5/19/2021,India,Uttar Pradesh,45531018,1637663,1483249,18072,136342,12319537,3301629,15621166,209378834,6975620,5341562,2355,13811977,1809189
5/20/2021,India,Uttar Pradesh,45822509,1644849,1502918,18352,123579,12501172,3314585,15815757,209184243,7082792,5415953,2427,13977191,1838566
5/21/2021,India,Uttar Pradesh,46111719,1651530,1516508,18588,116434,12704166,3329882,16034048,208965952,7201633,5500032,2501,14161023,1873025
5/22/2021,India,Uttar Pradesh,46419134,1659212,1534176,18760,106276,12905372,3344746,16250118,208749882,7319575,5583222,2575,14343818,1906300
5/23/2021,India,Uttar Pradesh,46736818,1665176,1551716,18978,94482,12912199,3345370,16257569,208742431,7323562,5586060,2577,14350144,1907425
5/24/2021,India,Uttar Pradesh,47063616,1669891,1565802,19209,84880,13182141,3363625,16545766,208454234,7481900,5697573,2668,14611405,1934361
5/25/2021,India,Uttar Pradesh,47362430,1673785,1577720,19362,76703,13439732,3380014,16819746,208180254,7632152,5804799,2781,14862405,1957341
5/26/2021,India,Uttar Pradesh,47720703,1677508,1588161,19519,69828,13683971,3393340,17077311,207922689,7774770,5906320,2881,15099824,1977487
5/27/2021,India,Uttar Pradesh,48068524,1680684,1598701,19712,62271,13951426,3407186,17358612,207641388,7931523,6016874,3029,15360615,1997997
5/28/2021,India,Uttar Pradesh,48426572,1683865,1605696,19899,58270,14243858,3424348,17668206,207331794,8102589,6138104,3165,15646622,2021584
5/29/2021,India,Uttar Pradesh,48756628,1686138,1613841,20053,52244,14544503,3449797,17994300,207005700,8279433,6261789,3281,15939953,2054347
5/30/2021,India,Uttar Pradesh,49096724,1688152,1621743,20208,46201,14560582,3450329,18010911,206989089,8288250,6269049,3283,15955378,2055533
1/1/2021,India,Tamil Nadu,14258645,818014,797391,12122,8501,789,0,789,75999211,367,422,0,789,0
1/2/2021,India,Tamil Nadu,14321046,818935,798420,12135,8380,767,0,767,75999233,423,344,0,767,0
1/3/2021,India,Tamil Nadu,14382123,819845,799427,12146,8272,879,0,879,75999121,467,412,0,879,0
1/4/2021,India,Tamil Nadu,14442625,820712,800429,12156,8127,852,0,852,75999148,456,396,0,852,0
1/5/2021,India,Tamil Nadu,14502929,821550,801414,12166,7970,747,0,747,75999253,597,150,0,747,0
1/6/2021,India,Tamil Nadu,14566511,822370,802385,12177,7808,937,0,937,75999063,476,461,0,937,0
1/7/2021,India,Tamil Nadu,14630875,823181,803328,12188,7665,975,0,975,75999025,435,540,0,975,0
1/8/2021,India,Tamil Nadu,14695106,823986,804239,12200,7547,998,0,998,75999002,508,490,0,998,0
1/9/2021,India,Tamil Nadu,14760619,824776,805136,12208,7432,1032,0,1032,75998968,513,519,0,1032,0
1/10/2021,India,Tamil Nadu,14824699,825537,806018,12215,7304,1065,0,1065,75998935,579,486,0,1065,0
1/11/2021,India,Tamil Nadu,14885013,826261,806875,12222,7164,1065,0,1065,75998935,568,497,0,1065,0
1/12/2021,India,Tamil Nadu,14945576,826943,807744,12228,6971,1087,0,1087,75998913,586,501,0,1087,0
1/13/2021,India,Tamil Nadu,15008259,827614,808571,12236,6807,1089,0,1089,75998911,614,475,0,1089,0
1/14/2021,India,Tamil Nadu,15068940,828287,809392,12242,6653,1104,0,1104,75998896,676,428,0,1104,0
1/15/2021,India,Tamil Nadu,15124787,828952,810218,12246,6488,1170,0,1170,75998830,655,515,0,1170,5
1/16/2021,India,Tamil Nadu,15177094,829573,811023,12251,6299,1167,0,1167,75998833,622,545,0,1161,6
1/17/2021,India,Tamil Nadu,15229307,830183,811798,12257,6128,1745,0,1745,75998255,986,759,0,1716,29
1/18/2021,India,Tamil Nadu,15279808,830772,812568,12264,5940,2861,0,2861,75997139,1623,1238,0,2819,42
1/19/2021,India,Tamil Nadu,15331269,831323,813326,12272,5725,6154,0,6154,75993846,3106,3047,1,6043,111
1/20/2021,India,Tamil Nadu,15391518,831866,814098,12281,5487,9060,0,9060,75990940,4415,4644,1,8916,144
1/21/2021,India,Tamil Nadu,15452541,832415,814811,12290,5314,15654,0,15654,75984346,7117,8535,2,15427,227
1/22/2021,India,Tamil Nadu,15514693,833011,815516,12299,5196,23659,0,23659,75976341,10156,13501,2,23304,355
1/23/2021,India,Tamil Nadu,15577766,833585,816205,12307,5073,31127,0,31127,75968873,12969,18156,2,30617,510
1/24/2021,India,Tamil Nadu,15640385,834171,816878,12309,4984,35144,0,35144,75964856,14515,20627,2,34553,591
1/25/2021,India,Tamil Nadu,15696304,834740,817520,12316,4904,41396,0,41396,75958604,16981,24413,2,40656,740
1/26/2021,India,Tamil Nadu,15752119,835280,818147,12320,4813,46310,0,46310,75953690,18840,27468,2,45414,896
1/27/2021,India,Tamil Nadu,15808217,835803,818742,12325,4736,54195,0,54195,75945805,21749,32443,3,53110,1085
1/28/2021,India,Tamil Nadu,15860674,836315,819306,12333,4676,61290,0,61290,75938710,24459,36828,3,60043,1247
1/29/2021,India,Tamil Nadu,15913194,836818,819850,12339,4629,66918,0,66918,75933082,26589,40326,3,65587,1331
1/30/2021,India,Tamil Nadu,15965919,837327,820381,12345,4601,76934,0,76934,75923066,30095,46835,4,75439,1495
1/31/2021,India,Tamil Nadu,16019962,837832,820907,12350,4575,77809,0,77809,75922191,30421,47384,4,76304,1505
2/1/2021,India,Tamil Nadu,16071626,838340,821430,12356,4554,85002,0,85002,75914998,33125,51872,5,83396,1606
2/2/2021,India,Tamil Nadu,16123270,838842,821947,12363,4532,91094,0,91094,75908906,35237,55848,9,89396,1698
2/3/2021,India,Tamil Nadu,16176919,839352,822468,12367,4517,98750,0,98750,75901250,37955,60786,9,96901,1849
2/4/2021,India,Tamil Nadu,16228801,839866,823001,12371,4494,107904,0,107904,75892096,41292,66602,10,105938,1966
2/5/2021,India,Tamil Nadu,16281457,840360,823518,12375,4467,116857,0,116857,75883143,44626,72221,10,114781,2076
2/6/2021,India,Tamil Nadu,16334713,840849,824024,12379,4446,126381,0,126381,75873619,48140,78231,10,124070,2311
2/7/2021,India,Tamil Nadu,16388243,841326,824527,12382,4417,127289,0,127289,75872711,48498,78781,10,124978,2311
2/8/2021,India,Tamil Nadu,16439856,841797,825025,12383,4389,139024,0,139024,75860976,53116,85898,10,136209,2815
2/9/2021,India,Tamil Nadu,16491030,842261,825520,12387,4354,150915,0,150915,75849085,58479,92426,10,148002,2913
2/10/2021,India,Tamil Nadu,16544106,842730,826011,12391,4328,162412,0,162412,75837588,63699,98700,13,159396,3016
2/11/2021,India,Tamil Nadu,16599861,843209,826504,12396,4309,173368,0,173368,75826632,68191,105160,17,170270,3098
2/12/2021,India,Tamil Nadu,16655151,843690,826994,12402,4294,184565,0,184565,75815435,72869,111679,17,181387,3178
2/13/2021,India,Tamil Nadu,16709185,844173,827480,12408,4285,195203,667,195870,75804130,78068,117117,18,191824,3379
2/14/2021,India,Tamil Nadu,16762668,844650,827962,12413,4275,195796,671,196467,75803533,78339,117439,18,192417,3379
2/15/2021,India,Tamil Nadu,16813020,845120,828441,12419,4260,203921,1176,205097,75794903,81876,122027,18,200355,3566
2/16/2021,India,Tamil Nadu,16863820,845575,828918,12425,4232,213823,2141,215964,75784036,86510,127295,18,210150,3673
2/17/2021,India,Tamil Nadu,16916170,846026,829388,12432,4206,224158,3579,227737,75772263,91552,132587,19,220346,3812
2/18/2021,India,Tamil Nadu,16967271,846480,829850,12438,4192,228388,6024,234412,75765588,93924,134445,19,224583,3805
2/19/2021,India,Tamil Nadu,17019551,846937,830320,12444,4173,246203,10185,256388,75743612,101610,144574,19,242005,4198
2/20/2021,India,Tamil Nadu,17070597,847385,830787,12451,4147,255918,13955,269873,75730127,106312,149587,19,251501,4417
2/21/2021,India,Tamil Nadu,17120745,847823,831246,12457,4120,256365,14122,270487,75729513,106459,149887,19,251944,4421
2/22/2021,India,Tamil Nadu,17170947,848275,831706,12460,4109,262213,18634,280847,75719153,109222,152972,19,257634,4579
2/23/2021,India,Tamil Nadu,17222248,848724,832167,12466,4091,268486,23096,291582,75708418,112212,156254,20,263790,4696
2/24/2021,India,Tamil Nadu,17272643,849166,832620,12472,4074,273618,26986,300604,75699396,114927,158671,20,268805,4813
2/25/2021,India,Tamil Nadu,17323383,849629,833089,12478,4062,278432,30463,308895,75691105,117487,160925,20,273457,4975
2/26/2021,India,Tamil Nadu,17376129,850096,833560,12483,4053,284640,35326,319966,75680034,120753,163867,20,279418,5222
2/27/2021,India,Tamil Nadu,17428757,850577,834043,12488,4046,284640,35326,319966,75680034,120753,163867,20,279418,5222
2/28/2021,India,Tamil Nadu,17479572,851063,834534,12493,4036,284640,35326,319966,75680034,120753,163867,20,279418,5222
3/1/2021,India,Tamil Nadu,17529663,851542,835024,12496,4022,284640,35326,319966,75680034,120753,163867,20,279418,5222
3/2/2021,India,Tamil Nadu,17579872,852016,835506,12501,4009,315543,42057,357600,75642400,137641,177871,31,309657,5886
3/3/2021,India,Tamil Nadu,17630655,852478,835979,12502,3997,353429,47077,400506,75599494,157561,195834,34,346684,6745
3/4/2021,India,Tamil Nadu,17681361,852967,836473,12504,3990,404222,51387,455609,75544391,182650,221534,38,396276,7946
3/5/2021,India,Tamil Nadu,17736224,853449,836963,12508,3978,474441,57713,532154,75467846,217754,256643,44,464851,9590
3/6/2021,India,Tamil Nadu,17791275,853992,837525,12513,3954,554443,65172,619615,75380385,258536,295856,51,542706,11737
3/7/2021,India,Tamil Nadu,17846391,854554,838085,12517,3952,579008,67333,646341,75353659,270919,308034,55,566414,12594
3/8/2021,India,Tamil Nadu,17900716,855121,838606,12518,3997,658443,73749,732192,75267808,310214,348156,73,643859,14584
3/9/2021,India,Tamil Nadu,17955850,855677,839138,12521,4018,651487,81977,733464,75266536,345989,387396,79,717029,16381
3/10/2021,India,Tamil Nadu,18020932,856246,839648,12525,4073,729539,90669,820208,75179792,388583,431539,86,801509,18645
3/11/2021,India,Tamil Nadu,18086877,856246,839648,12525,4073,805176,100118,905294,75094706,431332,473866,96,884041,21190
3/12/2021,India,Tamil Nadu,18151986,856917,840180,12530,4207,887006,109541,996547,75003453,475299,521143,105,972671,23812
3/13/2021,India,Tamil Nadu,18217281,858272,841250,12539,4483,967045,119572,1086617,74913383,519700,566807,110,1059395,27158
3/14/2021,India,Tamil Nadu,18284550,858967,841762,12543,4662,987144,121140,1108284,74891716,531030,577143,111,1080010,28210
3/15/2021,India,Tamil Nadu,18349379,859726,842309,12547,4870,1075960,129543,1205503,74794497,579341,626045,117,1173195,32244
3/16/2021,India,Tamil Nadu,18413572,860562,842862,12551,5149,1282816,141027,1423843,74576157,620171,662519,126,1383033,40810
3/17/2021,India,Tamil Nadu,18485460,861429,843423,12556,5450,1429800,151758,1581558,74418442,697116,732543,141,1528181,53377
3/18/2021,India,Tamil Nadu,18557485,862374,843999,12564,5811,1533516,161823,1695339,74304661,751309,782055,152,1626868,68471
3/19/2021,India,Tamil Nadu,18630686,863363,844568,12573,6222,1642080,172869,1814949,74185051,807514,834405,161,1725535,89414
3/20/2021,India,Tamil Nadu,18705851,864450,845178,12582,6690,1757406,183762,1941168,74058832,866260,890975,171,1821373,119795
3/21/2021,India,Tamil Nadu,18781109,865693,845812,12590,7291,1801246,187310,1988556,74011444,888940,912132,174,1849622,138934
3/22/2021,India,Tamil Nadu,18854356,866982,846480,12599,7903,1889774,195592,2085366,73914634,935356,954239,179,1917095,168271
3/23/2021,India,Tamil Nadu,18930484,868367,847139,12609,8619,2011826,206091,2217917,73782083,999552,1012083,191,2000759,217158
3/24/2021,India,Tamil Nadu,19011118,869804,848041,12618,9145,2105533,211942,2317475,73682525,1049036,1056302,195,2058511,258964
3/25/2021,India,Tamil Nadu,19092221,871440,849064,12630,9746,2204055,218165,2422220,73577780,1100794,1103055,206,2126694,295526
3/26/2021,India,Tamil Nadu,19177274,873219,850091,12641,10487,2302650,225142,2527792,73472208,1152730,1149696,224,2204906,322886
3/27/2021,India,Tamil Nadu,19262447,875190,851222,12650,11318,2401267,230923,2632190,73367810,1203922,1197107,238,2286517,345673
3/28/2021,India,Tamil Nadu,19347797,877279,852463,12659,12157,2421436,231743,2653179,73346821,1214411,1206786,239,2302910,350269
3/29/2021,India,Tamil Nadu,19428501,879473,853733,12670,13070,2509568,238476,2748044,73251956,1258748,1250570,250,2381833,366211
3/30/2021,India,Tamil Nadu,19511655,881752,855085,12684,13983,2583284,246267,2829551,73170449,1295951,1287074,259,2450772,378779
3/31/2021,India,Tamil Nadu,19595368,884094,856548,12700,14846,2650411,255024,2905435,73094565,1329998,1320150,263,2514996,390439
4/1/2021,India,Tamil Nadu,19681244,886673,858075,12719,15879,2703180,262132,2965312,73034688,1357225,1345688,267,2566950,398362
4/2/2021,India,Tamil Nadu,19767310,889490,859709,12738,17043,2774534,272370,3046904,72953096,1393809,1380453,272,2636806,410098
4/3/2021,India,Tamil Nadu,19849388,892780,861424,12750,18606,2821427,280462,3101889,72898111,1418172,1402974,281,2684694,417195
4/4/2021,India,Tamil Nadu,19932179,896226,863258,12764,20204,2855222,286662,3141884,72858116,1435695,1419242,285,2718457,423427
4/5/2021,India,Tamil Nadu,20012235,899807,865071,12778,21958,2892174,294913,3187087,72812913,1454548,1437337,289,2757774,429313
4/6/2021,India,Tamil Nadu,20093091,903479,866913,12789,23777,2918808,300551,3219359,72780641,1468052,1450465,291,2785045,434314
4/7/2021,India,Tamil Nadu,20173626,907124,868722,12804,25598,2967647,312890,3280537,72719463,1492854,1474497,296,2837018,443519
4/8/2021,India,Tamil Nadu,20258907,911110,870546,12821,27743,3061151,339773,3400924,72599076,1540934,1519910,307,2941585,459339
4/9/2021,India,Tamil Nadu,20347042,915386,872415,12840,30131,3166812,365634,3532446,72467554,1598360,1568125,327,3056564,475882
4/10/2021,India,Tamil Nadu,20431588,920827,874305,12863,33659,3274164,391131,3665295,72334705,1657055,1616775,334,3173039,492256
4/11/2021,India,Tamil Nadu,20520126,926816,876257,12886,37673,3316055,398627,3714682,72285318,1680666,1635052,337,3214497,500185
4/12/2021,India,Tamil Nadu,20603108,933434,878571,12908,41955,3449290,430938,3880228,72119772,1753902,1695027,361,3363028,517200
4/13/2021,India,Tamil Nadu,20686440,940145,880910,12927,46308,3565954,453372,4019326,71980674,1821956,1743614,384,3486913,532413
4/14/2021,India,Tamil Nadu,20784108,947129,884199,12945,49985,3641043,469082,4110125,71889875,1866609,1774045,389,3567454,542671
4/15/2021,India,Tamil Nadu,20879495,954948,887663,12970,54315,3801731,514054,4315785,71684215,1953686,1847635,410,3751831,563954
4/16/2021,India,Tamil Nadu,20976696,962935,891839,12999,58097,3966587,562249,4528836,71471164,2043812,1922344,431,3938373,590463
4/17/2021,India,Tamil Nadu,21077500,971384,896759,13032,61593,4063643,605401,4669044,71330956,2096168,1967033,442,4055687,613357
4/18/2021,India,Tamil Nadu,21187630,980728,902022,13071,65635,4090953,619909,4710862,71289138,2110947,1979559,447,4086524,624338
4/19/2021,India,Tamil Nadu,21299220,991451,907947,13113,70391,4147072,666304,4813376,71186624,2140772,2005846,454,4159105,654271
4/20/2021,India,Tamil Nadu,21400549,1002392,914119,13157,75116,4187565,704499,4892064,71107936,2162999,2024108,458,4209660,682404
4/21/2021,India,Tamil Nadu,21513210,1013378,920369,13205,79804,4223251,742313,4965564,71034436,2182481,2040308,462,4257263,708301
4/22/2021,India,Tamil Nadu,21628863,1025059,927440,13258,84361,4268889,806792,5075681,70924319,2206806,2061619,464,4347478,728203
4/23/2021,India,Tamil Nadu,21754456,1037711,934966,13317,89428,4323326,882230,5205556,70794444,2236387,2086468,471,4460496,745060
4/24/2021,India,Tamil Nadu,21880174,1051487,943044,13395,95048,4376661,951254,5327915,70672085,2265694,2110488,479,4569985,757930
4/25/2021,India,Tamil Nadu,22006472,1066329,952186,13475,100668,4388384,962689,5351073,70648927,2272205,2115700,479,4590051,761022
4/26/2021,India,Tamil Nadu,22126656,1081988,963251,13557,105180,4440291,1043041,5483332,70516668,2299858,2139949,484,4699926,783406
4/27/2021,India,Tamil Nadu,22248205,1097672,976876,13651,107145,4495630,1129102,5624732,70375268,2329760,2165375,495,4809984,814748
4/28/2021,India,Tamil Nadu,22378247,1113502,990919,13728,108855,4544279,1196369,5740648,70259352,2356703,2187074,502,4900908,839740
4/29/2021,India,Tamil Nadu,22518836,1130167,1006033,13826,110308,4589747,1255450,5845197,70154803,2381715,2207525,507,4976578,868619
4/30/2021,India,Tamil Nadu,22662407,1148064,1021575,13933,112556,4635084,1311972,5947056,70052944,2407092,2227478,514,5050495,896561
5/1/2021,India,Tamil Nadu,22813859,1166756,1037582,14046,115128,4671707,1359177,6030884,69969116,2426960,2244224,523,5120160,910724
5/2/2021,India,Tamil Nadu,22956942,1186344,1054746,14193,117405,4679335,1367080,6046415,69953585,2431001,2247811,523,5132852,913563
5/3/2021,India,Tamil Nadu,23097963,1207112,1072322,14346,120444,4716835,1418409,6135244,69864756,2450657,2265646,532,5211769,923475
5/4/2021,India,Tamil Nadu,23238475,1228064,1090338,14468,123258,4750360,1460306,6210666,69789334,2468954,2280866,540,5278119,932547
5/5/2021,India,Tamil Nadu,23393857,1249292,1109450,14612,125230,4781479,1497583,6279062,69720938,2486010,2294927,542,5337581,941481
5/6/2021,India,Tamil Nadu,23545987,1272602,1129512,14779,128311,4823176,1556012,6379188,69620812,2508538,2314086,552,5415472,963716
5/7/2021,India,Tamil Nadu,23698799,1297500,1151058,14974,131468,4866561,1612269,6478830,69521170,2532046,2333957,558,5493169,985661
5/8/2021,India,Tamil Nadu,23854797,1323965,1173439,15171,135355,4895451,1650810,6546261,69453739,2547862,2347025,564,5545439,1000822
5/9/2021,India,Tamil Nadu,24008587,1351362,1196549,15412,139401,4906062,1663852,6569914,69430086,2553413,2352083,566,5564365,1005549
5/10/2021,India,Tamil Nadu,24154820,1380259,1220064,15648,144547,4951333,1725504,6676837,69323163,2578019,2372741,573,5660217,1016620
5/11/2021,India,Tamil Nadu,24310931,1409237,1240968,15880,152389,4991388,1771235,6762623,69237377,2600786,2390020,582,5736178,1026445
5/12/2021,India,Tamil Nadu,24467287,1438509,1260150,16178,162181,5037596,1813810,6851406,69148594,2627062,2409949,585,5815449,1035957
5/13/2021,India,Tamil Nadu,24625416,1468864,1279658,16471,172735,5092140,1859169,6951309,69048691,2657709,2433839,592,5905412,1045897
5/14/2021,India,Tamil Nadu,24785458,1499485,1298945,16768,183772,5126070,1883860,7009930,68990070,2677175,2448301,594,5957822,1052108
5/15/2021,India,Tamil Nadu,24950403,1531377,1318982,17056,195339,5162834,1911232,7074066,68925934,2698147,2464084,603,6008343,1065723
5/16/2021,India,Tamil Nadu,25117215,1565035,1339887,17359,207789,5172965,1915211,7088176,68911824,2703711,2468649,605,6018318,1069858
5/17/2021,India,Tamil Nadu,25273492,1598216,1361204,17670,219342,5216811,1928889,7145700,68854300,2728966,2487231,614,6058536,1087164
5/18/2021,India,Tamil Nadu,25433956,1631291,1381690,18005,231596,5255610,1938953,7194563,68805437,2751567,2503426,617,6094198,1100365
5/19/2021,India,Tamil Nadu,25604311,1664350,1403052,18369,242929,5292027,1946959,7238986,68761014,2772935,2518471,621,6127572,1111414
5/20/2021,India,Tamil Nadu,25775405,1699225,1426915,18734,253576,5328713,1952672,7281385,68718615,2794590,2533484,639,6160986,1120399
5/21/2021,India,Tamil Nadu,25949517,1734804,1452283,19131,263390,5366882,1957688,7324570,68675430,2817378,2548862,642,6196730,1127840
5/22/2021,India,Tamil Nadu,26124748,1770988,1476761,19598,274629,5414503,1961862,7376365,68623635,2844758,2569100,645,6241866,1134499
5/23/2021,India,Tamil Nadu,26301572,1806861,1502537,20046,284278,5428452,1963098,7391550,68608450,2852648,2575158,646,6255672,1135878
5/24/2021,India,Tamil Nadu,26469766,1842344,1527733,20468,294143,5507417,1967029,7474446,68525554,2901025,2605735,657,6330679,1143767
5/25/2021,India,Tamil Nadu,26641632,1877211,1554759,20872,301580,5690306,1971235,7661541,68338459,3017105,2672515,686,6502046,1159495
5/26/2021,India,Tamil Nadu,26814056,1911496,1583504,21340,306652,5937633,1974348,7911981,68088019,3174901,2762018,714,6736202,1175779
5/27/2021,India,Tamil Nadu,26988201,1945260,1613221,21815,310224,6228593,1978980,8207573,67792427,3357045,2870799,749,7009391,1198182
5/28/2021,India,Tamil Nadu,27163743,1978621,1643284,22289,313048,6520208,1995452,8515660,67484340,3538193,2981235,780,7262897,1252763
5/29/2021,India,Tamil Nadu,27338092,2009700,1674539,22775,312386,6781739,2013032,8794771,67205229,3696597,3084329,813,7470844,1323927
5/30/2021,India,Tamil Nadu,27511443,2039716,1706298,23261,310157,6875084,2018914,8893998,67106002,3752036,3122221,827,7546638,1347360
1/1/2021,India,Telangana,6924707,286815,279456,1544,5815,201,0,201,36999799,99,102,0,201,0
1/2/2021,India,Telangana,6951297,287108,279991,1546,5571,213,0,213,36999787,104,109,0,213,0
1/3/2021,India,Telangana,6991487,287502,280565,1549,5388,217,0,217,36999783,98,119,0,217,0
1/4/2021,India,Telangana,7018564,287740,281083,1551,5106,209,0,209,36999791,102,107,0,209,0
1/5/2021,India,Telangana,7061049,287993,281400,1554,5039,232,0,232,36999768,117,115,0,232,0
1/6/2021,India,Telangana,7104367,288410,281872,1556,4982,234,0,234,36999766,113,121,0,234,0
1/7/2021,India,Telangana,7145613,288789,282177,1559,5053,213,0,213,36999787,109,104,0,213,0
1/8/2021,India,Telangana,7184598,289135,282574,1561,5000,249,0,249,36999751,109,140,0,249,0
1/9/2021,India,Telangana,7215785,289433,283048,1563,4822,247,0,247,36999753,112,135,0,247,0
1/10/2021,India,Telangana,7253236,289784,283463,1565,4756,256,0,256,36999744,176,80,0,256,0
1/11/2021,India,Telangana,7278021,290008,283924,1566,4518,279,0,279,36999721,123,156,0,279,0
1/12/2021,India,Telangana,7312452,290309,284217,1568,4524,273,0,273,36999727,145,128,0,273,0
1/13/2021,India,Telangana,7350644,290640,284611,1571,4458,298,0,298,36999702,132,166,0,298,0
1/14/2021,India,Telangana,7379538,290916,284849,1572,4495,312,0,312,36999688,156,156,0,312,0
1/15/2021,India,Telangana,7399436,291118,285102,1574,4442,333,0,333,36999667,170,163,0,333,0
1/16/2021,India,Telangana,7428389,291367,285519,1575,4273,317,0,317,36999683,171,146,0,317,0
1/17/2021,India,Telangana,7461687,291666,285898,1577,4191,437,0,437,36999563,215,222,0,437,0
1/18/2021,India,Telangana,7483580,291872,286244,1579,4049,2463,0,2463,36997537,1133,1329,1,2463,0
1/19/2021,India,Telangana,7515066,292128,286542,1581,4005,11169,0,11169,36988831,4640,6528,1,11169,0
1/20/2021,India,Telangana,7542537,292395,286893,1583,3919,11291,0,11291,36988709,4650,6640,1,11291,0
1/21/2021,India,Telangana,7574184,292621,287117,1584,3920,17837,0,17837,36982163,5704,12132,1,17837,0
1/22/2021,India,Telangana,7602975,292835,287468,1586,3781,24830,0,24830,36975170,7158,17671,1,24830,0
1/23/2021,India,Telangana,7632980,293056,287899,1588,3569,26183,0,26183,36973817,7835,18347,1,26183,0
1/24/2021,India,Telangana,7662540,293253,288275,1589,3389,27829,0,27829,36972171,8282,19546,1,27829,0
1/25/2021,India,Telangana,7682361,293401,288577,1590,3234,50646,0,50646,36949354,19905,30738,3,50646,0
1/26/2021,India,Telangana,7711810,293590,288926,1592,3072,51194,0,51194,36948806,20071,31120,3,51194,0
1/27/2021,India,Telangana,7728296,293737,289325,1593,2819,58306,0,58306,36941694,21510,36793,3,58306,0
1/28/2021,India,Telangana,7759415,293923,289631,1594,2698,78713,0,78713,36921287,32727,45978,8,78713,0
1/29/2021,India,Telangana,7790901,294120,289987,1596,2537,92418,0,92418,36907582,39999,52409,10,92418,0
1/30/2021,India,Telangana,7823989,294306,290354,1598,2354,95000,0,95000,36905000,41360,53630,10,95000,0
1/31/2021,India,Telangana,7861361,294469,290630,1599,2240,95057,0,95057,36904943,41379,53668,10,95057,0
2/1/2021,India,Telangana,7879047,294587,290894,1601,2092,95234,0,95234,36904766,41476,53748,10,95234,0
2/2/2021,India,Telangana,7915105,294739,291115,1602,2022,96413,0,96413,36903587,42133,54270,10,96412,1
2/3/2021,India,Telangana,7955308,294924,291312,1604,2008,103183,0,103183,36896817,45517,57656,10,103182,1
2/4/2021,India,Telangana,7996651,295101,291510,1606,1985,114647,0,114647,36885353,51375,63262,10,114646,1
2/5/2021,India,Telangana,8034038,295270,291699,1607,1964,121588,0,121588,36878412,54860,66718,10,121587,1
2/6/2021,India,Telangana,8069459,295431,291846,1608,1977,135977,0,135977,36864023,67955,68012,10,135976,1
2/7/2021,India,Telangana,8104264,295581,292032,1610,1939,136225,0,136225,36863775,68153,68062,10,136224,1
2/8/2021,India,Telangana,8122516,295682,292229,1611,1842,156285,0,156285,36843715,86119,70156,10,155681,604
2/9/2021,India,Telangana,8154347,295831,292415,1612,1804,171308,0,171308,36828692,99775,71523,10,163839,7469
2/10/2021,India,Telangana,8184013,295988,292578,1613,1797,186195,0,186195,36813805,113058,73127,10,168005,18190
2/11/2021,India,Telangana,8213768,296134,292696,1613,1825,198677,0,198677,36801323,123802,74863,12,170812,27865
2/12/2021,India,Telangana,8242105,296277,292848,1614,1815,206864,0,206864,36793136,130195,76657,12,171915,34949
2/13/2021,India,Telangana,8269364,296428,293033,1614,1781,209790,1929,211719,36788281,131372,78406,12,173941,35849
2/14/2021,India,Telangana,8295638,296574,293210,1616,1748,210201,2337,212538,36787462,131521,78668,12,174352,35849
2/15/2021,India,Telangana,8311404,296673,293379,1618,1676,219843,11479,231322,36768678,133640,86191,12,183724,36119
2/16/2021,India,Telangana,8336255,296802,293540,1619,1643,250141,40856,290997,36709003,137842,112287,12,213634,36507
2/17/2021,India,Telangana,8360950,296950,293690,1620,1640,250649,41264,291913,36708087,137965,112672,12,214056,36593
2/18/2021,India,Telangana,8385870,297113,293791,1622,1700,260486,64934,325420,36674580,137878,122596,12,223783,36703
2/19/2021,India,Telangana,8409631,297278,293940,1623,1715,276506,78781,355287,36644713,141212,135280,14,239544,36962
2/20/2021,India,Telangana,8433333,297435,294097,1623,1715,277517,79662,357179,36642821,141746,135757,14,240044,37473
2/21/2021,India,Telangana,8456940,297598,294243,1624,1731,277539,79928,357467,36642533,141751,135774,14,240066,37473
2/22/2021,India,Telangana,8471684,297712,294386,1625,1701,278786,97476,376262,36623738,142397,136375,14,241191,37595
2/23/2021,India,Telangana,8480767,297861,294537,1627,1697,279390,98321,377711,36622289,142863,136513,14,241286,38104
2/24/2021,India,Telangana,8499986,310529,294683,1629,14217,281009,98354,379363,36620637,144101,136894,14,241292,39717
2/25/2021,India,Telangana,8578243,298264,294782,1630,1852,283924,116470,400394,36599606,145782,138128,14,242750,41174
2/26/2021,India,Telangana,8618845,298453,294911,1632,1910,291425,127664,419089,36580911,150405,141004,16,247329,44096
2/27/2021,India,Telangana,8659666,298631,295059,1633,1939,291425,127664,419089,36580911,150405,141004,16,247329,44096
2/28/2021,India,Telangana,8700651,298807,295222,1634,1951,291425,127664,419089,36580911,150405,141004,16,247329,44096
3/1/2021,India,Telangana,8721026,298923,295387,1634,1902,291425,127664,419089,36580911,150405,141004,16,247329,44096
3/2/2021,India,Telangana,8761207,299086,295544,1635,1907,297234,129321,426555,36573445,153542,143676,16,253137,44097
3/3/2021,India,Telangana,8801651,299254,295707,1635,1912,306322,132292,438614,36561386,158617,147688,17,262220,44102
3/4/2021,India,Telangana,8842852,299406,295821,1637,1948,322444,140364,462808,36537192,167296,155131,17,278306,44138
3/5/2021,India,Telangana,8883295,299572,295970,1639,1963,341073,147131,488204,36511796,177334,163716,23,296919,44154
3/6/2021,India,Telangana,8924007,299742,296166,1640,1936,362082,158716,520798,36479202,189920,172138,24,317282,44800
3/7/2021,India,Telangana,8964623,299900,296373,1641,1886,363597,158772,522369,36477631,190665,172908,24,318778,44819
3/8/2021,India,Telangana,8984552,300011,296562,1642,1807,389985,171242,561227,36438773,205948,184006,31,344085,45900
3/9/2021,India,Telangana,9016741,300153,296740,1644,1769,241595,183078,424673,36575327,232185,192458,30,367648,56954
3/10/2021,India,Telangana,9055741,300342,296916,1646,1780,256024,191812,447836,36552164,247868,199936,32,383188,64577
3/11/2021,India,Telangana,9093645,300342,296916,1646,1780,259321,192045,451366,36548634,249760,201572,34,386178,65115
3/12/2021,India,Telangana,9114985,300536,297032,1649,1855,275371,204839,480210,36519790,269826,210346,38,403989,76148
3/13/2021,India,Telangana,9149467,300933,297363,1652,1918,288451,207813,496264,36503736,278991,217234,39,416240,79951
3/14/2021,India,Telangana,9200465,301161,297515,1653,1993,290186,207834,498020,36501980,279802,218178,40,417869,80078
3/15/2021,India,Telangana,9238982,301318,297681,1654,1983,315832,212285,528117,36471883,296894,231181,42,441738,86306
3/16/2021,India,Telangana,9299245,301522,297851,1656,2015,507868,214705,722573,36277427,272223,235602,43,625876,96697
3/17/2021,India,Telangana,9359772,301769,298009,1659,2101,630011,215891,845902,36154098,336026,293923,62,734497,111405
3/18/2021,India,Telangana,9419677,302047,298120,1662,2265,661459,217122,878581,36121419,352520,308874,65,760983,117598
3/19/2021,India,Telangana,9482649,302360,298262,1664,2434,688667,218260,906927,36093073,367119,321481,67,783663,123264
3/20/2021,India,Telangana,9548685,302724,298451,1666,2607,720396,219545,939941,36060059,383390,336934,72,808766,131175
3/21/2021,India,Telangana,9613583,303118,298645,1669,2804,724262,219657,943919,36056081,385366,338822,74,811409,132510
3/22/2021,India,Telangana,9650662,303455,298826,1671,2958,758722,221001,979723,36020277,403367,355273,82,841243,138480
3/23/2021,India,Telangana,9718833,303867,299042,1674,3151,793939,222940,1016879,35983121,422067,371783,89,870912,145967
3/24/2021,India,Telangana,9789113,304298,299270,1676,3352,828174,223757,1051931,35948069,440210,387870,94,896971,154960
3/25/2021,India,Telangana,9845577,304791,299427,1680,3684,867030,226166,1093196,35906804,460950,405981,99,929199,163997
3/26/2021,India,Telangana,9903125,305309,299631,1683,3995,905529,229300,1134829,35865171,481284,424144,101,961198,173631
3/27/2021,India,Telangana,9961154,305804,299878,1685,4241,940796,230270,1171066,35828934,499785,440903,108,989839,181227
3/28/2021,India,Telangana,10019096,306339,300156,1688,4495,942868,230297,1173165,35826835,500837,441923,108,991624,181541
3/29/2021,India,Telangana,10053026,306742,300469,1690,4583,955419,230582,1186001,35813999,507289,448022,108,1001837,184164
3/30/2021,India,Telangana,10095487,307205,300833,1694,4678,997601,233405,1231006,35768994,529413,468076,112,1042429,188577
3/31/2021,India,Telangana,10151609,307889,301227,1697,4965,1030664,236573,1267237,35732763,546656,483891,117,1075255,191982
4/1/2021,India,Telangana,10210906,308776,301564,1701,5511,1077830,240094,1317924,35682076,571707,505993,130,1122368,195556
4/2/2021,India,Telangana,10270249,309741,301876,1706,6159,1140121,244744,1384865,35615135,604985,534994,142,1185591,199274
4/3/2021,India,Telangana,10329954,310819,302207,1712,6900,1185843,248936,1434779,35565221,628999,556695,149,1233082,201697
4/4/2021,India,Telangana,10392927,312140,302500,1717,7923,1227030,251833,1478863,35521137,650825,576047,158,1273712,205151
4/5/2021,India,Telangana,10435997,313237,302768,1723,8746,1278480,256353,1534833,35465167,677183,601131,166,1326766,208067
4/6/2021,India,Telangana,10498347,314735,303013,1729,9993,1313584,260027,1573611,35426389,694979,618428,177,1362616,210995
4/7/2021,India,Telangana,10572621,316649,303298,1734,11617,1405944,270076,1676020,35323980,743023,662719,202,1455120,220900
4/8/2021,India,Telangana,10659953,319054,303601,1741,13712,1504570,278547,1783117,35216883,793811,710538,221,1550455,232662
4/9/2021,India,Telangana,10761939,321182,303964,1746,15472,1611380,286802,1898182,35101818,849966,761168,246,1654627,243555
4/10/2021,India,Telangana,10873665,324091,304548,1752,17791,1763427,296498,2059925,34940075,936035,827126,266,1811035,248890
4/11/2021,India,Telangana,10988976,327278,305335,1759,20184,1861282,299904,2161186,34838814,989927,871070,285,1909974,251212
4/12/2021,India,Telangana,11068003,329529,305900,1765,21864,1982573,309467,2292040,34707960,1059265,923010,298,2034702,257338
4/13/2021,India,Telangana,11181010,332581,306678,1772,24131,2006982,311169,2318151,34681849,1073604,933078,300,2059659,258492
4/14/2021,India,Telangana,11253374,334738,307499,1780,25459,2129490,323121,2452611,34547389,1132706,996466,318,2185112,267499
4/15/2021,India,Telangana,11360001,338045,308396,1788,27861,2283343,338492,2621835,34378165,1206760,1076217,366,2320611,301224
4/16/2021,India,Telangana,11481881,341885,309594,1797,30494,2447626,354437,2802063,34197937,1287765,1159471,390,2396951,405112
4/17/2021,India,Telangana,11608116,346331,311008,1809,33514,2584964,367281,2952245,34047755,1356334,1228196,434,2452305,499940
4/18/2021,India,Telangana,11737753,351424,312563,1824,37037,2591096,369106,2960202,34039798,1359441,1231219,436,2455429,504773
4/19/2021,India,Telangana,11820842,355433,314441,1838,39154,2742005,390535,3132540,33867460,1430494,1311035,476,2614063,518477
4/20/2021,India,Telangana,11942985,361359,316650,1856,42853,2861258,410841,3272099,33727901,1489601,1371160,497,2732789,539310
4/21/2021,India,Telangana,12073090,367901,319537,1876,46488,2965467,429176,3394643,33605357,1542539,1422408,520,2843118,551525
4/22/2021,India,Telangana,12175425,373468,321788,1899,49781,3148315,456271,3604586,33395414,1628321,1519396,598,3042975,561611
4/23/2021,India,Telangana,12281027,379494,324840,1928,52726,3332501,479360,3811861,33188139,1716318,1615538,645,3240476,571385
4/24/2021,India,Telangana,12384797,387106,326997,1961,58148,3500047,503781,4003828,32996172,1797477,1701884,686,3423275,580553
4/25/2021,India,Telangana,12493399,395232,330304,1999,62929,3559142,512327,4071469,32928531,1826899,1731547,696,3488880,582589
4/26/2021,India,Telangana,12566674,401783,334144,2042,65597,3744656,542319,4286975,32713025,1914027,1829888,741,3697391,589584
4/27/2021,India,Telangana,12666312,411905,340590,2094,69221,3837190,562813,4400003,32599997,1960354,1876080,756,3801409,598594
4/28/2021,India,Telangana,12748582,419966,345683,2150,72133,3955399,586665,4542064,32457936,2017093,1937531,775,3936912,605152
4/29/2021,India,Telangana,12828763,427960,349692,2208,76060,4010610,602170,4612780,32387220,2043985,1965840,785,4000459,612321
4/30/2021,India,Telangana,12905854,435606,355618,2261,77727,4151762,628422,4780184,32219816,2113252,2037704,806,4162439,617745
5/1/2021,India,Telangana,12983784,443360,362160,2312,78888,4157933,629611,4787544,32212456,2116446,2040680,807,4169039,618505
5/2/2021,India,Telangana,13060114,450790,367727,2368,80695,4158090,629721,4787811,32212189,2116527,2040756,807,4169270,618541
5/3/2021,India,Telangana,13118856,456485,373933,2417,80135,4178677,637243,4815920,32184080,2126844,2051023,810,4197162,618758
5/4/2021,India,Telangana,13189817,463361,381365,2476,79520,4227755,653758,4881513,32118487,2151299,2075608,848,4261606,619907
5/5/2021,India,Telangana,13267252,469722,389491,2527,77704,4275187,685400,4960587,32039413,2174836,2099486,865,4337798,622789
5/6/2021,India,Telangana,13347076,475748,396042,2579,77127,4325903,716162,5042065,31957935,2199976,2125049,878,4416969,625096
5/7/2021,India,Telangana,13488498,481640,405164,2625,73851,4376415,746157,5122572,31877428,2225004,2150520,891,4496212,626360
5/8/2021,India,Telangana,13557646,487199,413225,2666,71308,4388638,814322,5202960,31797040,2231492,2156251,895,4567319,635641
5/9/2021,India,Telangana,13613004,492385,421219,2704,68462,4389592,815634,5205226,31794774,2232019,2156678,895,4568871,636355
5/10/2021,India,Telangana,13678927,497361,428865,2739,65757,4406542,907358,5313900,31686100,2240697,2164944,901,4656723,657177
5/11/2021,India,Telangana,13754216,502187,436619,2771,62797,4422419,984094,5406513,31593487,2248963,2172550,906,4736435,670078
5/12/2021,India,Telangana,13823741,506988,444049,2803,60136,4432324,1008459,5440783,31559217,2254044,2177374,906,4761236,679547
5/13/2021,India,Telangana,13894962,511711,449744,2834,59133,4442464,1037348,5479812,31520188,2259285,2182272,907,4787680,692132
5/14/2021,India,Telangana,13952378,516404,456620,2867,56917,4450029,1063524,5513553,31486447,2263127,2185992,910,4804250,709293
5/15/2021,India,Telangana,14016740,520709,462981,2896,54832,4450028,1063710,5513738,31486262,2263096,2186019,913,4804236,709492
5/16/2021,India,Telangana,14061725,525007,469007,2928,53072,4450013,1063710,5513723,31486277,2263086,2186014,913,4804235,709478
5/17/2021,India,Telangana,14124316,528823,474899,2955,50969,4450594,1063918,5514512,31485488,2263410,2186272,912,4804239,710204
5/18/2021,India,Telangana,14195932,532784,480458,2985,49341,4451311,1065279,5516590,31483410,2263801,2186598,912,4804241,712202
5/19/2021,India,Telangana,14267002,536766,485644,3012,48110,4451824,1067949,5519773,31480227,2264072,2186840,912,4804244,715327
5/20/2021,India,Telangana,14336254,540603,490620,3037,46946,4452572,1070595,5523167,31476833,2264422,2187238,912,4804266,718655
5/21/2021,India,Telangana,14402251,544263,495446,3060,45757,4453033,1070947,5523980,31476020,2264641,2187480,912,4804297,719437
5/22/2021,India,Telangana,14465371,547727,500247,3085,44395,4453425,1073381,5526806,31473194,2264831,2187682,912,4804302,722244
5/23/2021,India,Telangana,14507897,551035,504970,3106,42959,4453837,1073696,5527533,31472467,2265006,2187919,912,4804309,722926
5/24/2021,India,Telangana,14567606,553277,509663,3125,40489,4454485,1075892,5530377,31469623,2265327,2188246,912,4804311,725749
5/25/2021,India,Telangana,14648809,556320,513968,3146,39206,4462811,1126989,5589800,31410200,2269666,2192232,913,4805088,784357
5/26/2021,India,Telangana,14739857,560141,518266,3169,38706,4477983,1175889,5653872,31346128,2277806,2199262,915,4807581,845213
5/27/2021,India,Telangana,14830083,563903,522082,3189,38632,4495506,1208652,5704158,31295842,2287346,2207239,921,4810218,891419
5/28/2021,India,Telangana,14927319,567517,526043,3207,38267,4577957,1229385,5807342,31192658,2343858,2233168,931,4878751,924870
5/29/2021,India,Telangana,15027996,571044,530025,3226,37793,4672773,1245319,5918092,31081908,2405975,2265849,949,4959370,952510
5/30/2021,India,Telangana,15089049,574026,533862,3247,36917,4737360,1248100,5985460,31014540,2446245,2290157,958,5018076,959463
